-- phpMyAdmin SQL Dump
-- version 4.5.2
-- http://www.phpmyadmin.net
--
-- Host: localhost
-- Generation Time: 2017-08-15 16:13:08
-- 服务器版本： 10.1.16-MariaDB
-- PHP Version: 7.0.9

SET SQL_MODE = "NO_AUTO_VALUE_ON_ZERO";
SET time_zone = "+00:00";


/*!40101 SET @OLD_CHARACTER_SET_CLIENT=@@CHARACTER_SET_CLIENT */;
/*!40101 SET @OLD_CHARACTER_SET_RESULTS=@@CHARACTER_SET_RESULTS */;
/*!40101 SET @OLD_COLLATION_CONNECTION=@@COLLATION_CONNECTION */;
/*!40101 SET NAMES utf8mb4 */;

--
-- Database: `cms`
--

-- --------------------------------------------------------

--
-- 表的结构 `cms_apps`
--

CREATE TABLE `cms_apps` (
  `id` int(10) UNSIGNED NOT NULL,
  `name` varchar(40) COLLATE utf8_unicode_ci NOT NULL COMMENT 'APP名称',
  `android_version` varchar(20) COLLATE utf8_unicode_ci NOT NULL DEFAULT '' COMMENT 'android版本号',
  `android_force` tinyint(1) NOT NULL COMMENT 'android强制更新',
  `android_url` text COLLATE utf8_unicode_ci NOT NULL COMMENT 'android应用地址',
  `ios_version` varchar(20) COLLATE utf8_unicode_ci NOT NULL DEFAULT '' COMMENT 'ios版本号',
  `ios_force` tinyint(1) NOT NULL COMMENT 'ios强制更新',
  `ios_url` text COLLATE utf8_unicode_ci NOT NULL COMMENT 'ios应用地址',
  `logo_url` text COLLATE utf8_unicode_ci NOT NULL COMMENT '南宁logo',
  `username` varchar(20) COLLATE utf8_unicode_ci NOT NULL COMMENT '用户名',
  `created_at` timestamp NULL DEFAULT NULL,
  `updated_at` timestamp NULL DEFAULT NULL
) ENGINE=MyISAM DEFAULT CHARSET=utf8 COLLATE=utf8_unicode_ci;

--
-- 转存表中的数据 `cms_apps`
--

INSERT INTO `cms_apps` (`id`, `name`, `android_version`, `android_force`, `android_url`, `ios_version`, `ios_force`, `ios_url`, `logo_url`, `username`, `created_at`, `updated_at`) VALUES
(1, '掌上南昌', '25', 0, '/uploads/others/2017/0220/20170220172322783.apk', '', 0, 'https://itunes.apple.com/cn/app/nan-changguang- bo-dian-shi/id780406619?mt=8', '', '李根', '2016-10-11 06:19:03', '2017-03-01 07:53:31');

-- --------------------------------------------------------

--
-- 表的结构 `cms_article`
--

CREATE TABLE `cms_article` (
  `id` int(10) UNSIGNED NOT NULL,
  `site_id` int(11) NOT NULL COMMENT '站点ID',
  `category_id` int(11) NOT NULL COMMENT '栏目ID',
  `type` int(11) NOT NULL COMMENT '类型',
  `created_at` timestamp NULL DEFAULT NULL,
  `updated_at` timestamp NULL DEFAULT NULL
) ENGINE=InnoDB DEFAULT CHARSET=utf8mb4 COLLATE=utf8mb4_unicode_ci;

-- --------------------------------------------------------

--
-- 表的结构 `cms_articles`
--

CREATE TABLE `cms_articles` (
  `id` int(10) UNSIGNED NOT NULL,
  `site_id` int(11) NOT NULL COMMENT '站点ID',
  `category_id` int(11) NOT NULL COMMENT '栏目ID',
  `title` varchar(255) COLLATE utf8mb4_unicode_ci NOT NULL COMMENT '标题',
  `summary` text COLLATE utf8mb4_unicode_ci NOT NULL COMMENT '摘要',
  `image_url` text COLLATE utf8mb4_unicode_ci NOT NULL COMMENT '缩略图',
  `content` text COLLATE utf8mb4_unicode_ci NOT NULL COMMENT '正文',
  `top` int(11) NOT NULL COMMENT '是否置顶',
  `published_at` datetime DEFAULT NULL COMMENT '发布时间',
  `images` text COLLATE utf8mb4_unicode_ci NOT NULL COMMENT '图集',
  `videos` text COLLATE utf8mb4_unicode_ci NOT NULL COMMENT '视频',
  `member_id` int(11) NOT NULL COMMENT '会员ID',
  `user_id` int(11) NOT NULL COMMENT '用户ID',
  `sort` int(11) NOT NULL COMMENT '排序',
  `state` int(11) NOT NULL COMMENT '状态',
  `created_at` timestamp NULL DEFAULT NULL,
  `updated_at` timestamp NULL DEFAULT NULL,
  `deleted_at` datetime DEFAULT NULL COMMENT '删除时间'
) ENGINE=InnoDB DEFAULT CHARSET=utf8mb4 COLLATE=utf8mb4_unicode_ci;

--
-- 转存表中的数据 `cms_articles`
--

INSERT INTO `cms_articles` (`id`, `site_id`, `category_id`, `title`, `summary`, `image_url`, `content`, `top`, `published_at`, `images`, `videos`, `member_id`, `user_id`, `sort`, `state`, `created_at`, `updated_at`, `deleted_at`) VALUES
(1, 1, 0, '112233', '', '', '<p>1234</p>', 0, NULL, '', '', 0, 2, 1501569664, 1, '2017-08-01 06:41:04', '2017-08-03 03:31:24', NULL),
(2, 1, 0, 'abcd', '', '', '', 0, '2017-08-02 10:55:41', '', '', 0, 2, 1501640727, 9, '2017-08-02 02:25:27', '2017-08-02 02:55:41', NULL),
(3, 1, 4, 'aaaa', '', '', '', 0, NULL, '', '', 0, 2, 1501642437, 1, '2017-08-02 02:32:19', '2017-08-14 09:07:43', NULL),
(4, 1, 4, 'bbb', '', '', '', 0, NULL, '', '', 0, 2, 1501642438, 1, '2017-08-02 02:53:58', '2017-08-14 09:07:43', NULL),
(5, 1, 4, 'ddd1', '1111', '/uploads/images/2017/0804/20170804112524299.jpg', '<p>1234asdf</p>\r\n', 0, '2017-08-02 10:55:47', '', '', 0, 2, 1501642643, 9, '2017-08-02 02:55:03', '2017-08-14 09:08:16', NULL),
(6, 1, 4, 'eee', '222', '', '', 0, NULL, '', '', 0, 2, 1501642644, 1, '2017-08-02 02:57:24', '2017-08-14 09:08:16', NULL),
(7, 1, 4, 'fff', '', '', '', 0, NULL, '', '', 0, 2, 1501642645, 1, '2017-08-02 03:21:57', '2017-08-14 09:08:16', NULL);

-- --------------------------------------------------------

--
-- 表的结构 `cms_categories`
--

CREATE TABLE `cms_categories` (
  `id` int(10) UNSIGNED NOT NULL,
  `site_id` int(10) UNSIGNED NOT NULL COMMENT '站点ID',
  `name` varchar(20) COLLATE utf8_unicode_ci NOT NULL COMMENT '名称',
  `parent_id` int(10) UNSIGNED NOT NULL COMMENT '上级ID',
  `module_id` int(10) UNSIGNED NOT NULL COMMENT '模块ID',
  `title` varchar(250) COLLATE utf8_unicode_ci NOT NULL COMMENT '标题',
  `subtitle` varchar(250) COLLATE utf8_unicode_ci NOT NULL COMMENT '副标题',
  `likes` int(11) NOT NULL DEFAULT '0' COMMENT '订阅/关注数',
  `slug` varchar(40) COLLATE utf8_unicode_ci NOT NULL COMMENT '网址缩略名',
  `link_type` tinyint(1) NOT NULL COMMENT '外链类型',
  `link` varchar(255) COLLATE utf8_unicode_ci NOT NULL COMMENT '外链',
  `image_url` text COLLATE utf8_unicode_ci NOT NULL COMMENT '图片URL',
  `cover_url` text COLLATE utf8_unicode_ci NOT NULL COMMENT '封面URL',
  `author` varchar(20) COLLATE utf8_unicode_ci NOT NULL COMMENT '作者',
  `description` text COLLATE utf8_unicode_ci NOT NULL COMMENT '描述',
  `content` text COLLATE utf8_unicode_ci COMMENT '内容',
  `state` tinyint(1) NOT NULL COMMENT '状态',
  `sort` int(10) UNSIGNED NOT NULL COMMENT '序号',
  `created_at` timestamp NULL DEFAULT NULL,
  `updated_at` timestamp NULL DEFAULT NULL
) ENGINE=MyISAM DEFAULT CHARSET=utf8 COLLATE=utf8_unicode_ci;

--
-- 转存表中的数据 `cms_categories`
--

INSERT INTO `cms_categories` (`id`, `site_id`, `name`, `parent_id`, `module_id`, `title`, `subtitle`, `likes`, `slug`, `link_type`, `link`, `image_url`, `cover_url`, `author`, `description`, `content`, `state`, `sort`, `created_at`, `updated_at`) VALUES
(1, 1, '新闻', 0, 1, '', '', 0, '', 0, '', '', '', '', '', '', 1, 1, '2017-01-07 04:29:44', '2017-01-07 04:29:44'),
(2, 1, '视频', 0, 1, '', '', 0, '', 0, '', '', '', '', '', '', 1, 2, '2017-01-07 04:30:07', '2017-01-07 04:30:07'),
(3, 1, '广告', 0, 1, '', '', 0, '', 0, '', '', '', '', '', '', 1, 3, '2017-01-07 04:30:51', '2017-01-07 04:30:51'),
(4, 1, '头条', 1, 1, '', '', 0, '', 0, '', '', '', '', '', '', 1, 1, '2017-01-07 04:32:13', '2017-01-07 04:32:13'),
(5, 1, '时政', 1, 1, '', '', 0, '', 1, 'http://zsnc.nctv.net.cn/zsnc/daily_news_h1.php', '', '', '', '', '', 1, 2, '2017-01-07 04:32:56', '2017-03-16 05:26:35'),
(7, 1, '社会', 1, 1, '', '', 0, '', 0, '', '', '', '', '', '', 1, 5, '2017-01-07 04:33:32', '2017-03-21 02:47:37'),
(8, 1, '文娱', 1, 1, '', '', 0, '', 0, '', '', '', '', '', '', 1, 6, '2017-01-07 04:33:46', '2017-03-17 01:39:25'),
(9, 1, '财经', 1, 1, '', '', 0, '', 0, '', '', '', '', '', '', 1, 10, '2017-01-07 04:34:13', '2017-03-16 04:40:09'),
(10, 1, '健康', 1, 1, '', '', 0, '', 0, '', '', '', '', '', '', 1, 14, '2017-01-07 04:34:23', '2017-03-16 04:42:03'),
(13, 1, '区县', 1, 1, '', '', 0, '', 1, 'http://zsnc.nctv.net.cn/zsnc/xianqu_new.php', '', '', '', '', '', 1, 4, '2017-01-07 04:55:41', '2017-03-21 02:47:33'),
(16, 1, '直播推荐', 2, 1, '', '', 0, '', 0, '', '', '', '', '', '', 1, 1, '2017-01-07 04:56:41', '2017-01-07 04:56:41'),
(17, 1, '每日新闻', 2, 1, '', '', 0, '', 0, '', '', '', '', '', '', 1, 2, '2017-01-07 04:56:52', '2017-01-07 04:56:52'),
(18, 1, '图片', 0, 1, '', '', 0, '', 0, '', '', '', '', '', '', 1, 4, '2017-01-07 05:33:51', '2017-01-07 05:33:51'),
(19, 1, '广告图', 18, 1, '', '', 0, '', 0, '', '/uploads/images/2017/0110/20170110093337857.jpg', '', '', '', '', 1, 1, '2017-01-07 05:34:14', '2017-02-17 06:53:00'),
(20, 1, '头条轮播图', 18, 1, '', '', 0, '', 0, '', '', '', '', '', '', 1, 2, '2017-01-07 05:35:21', '2017-01-07 05:35:21'),
(21, 1, '每日轮播图', 18, 1, '', '', 0, '', 0, '', '', '', '', '', '', 1, 5, '2017-01-08 18:43:45', '2017-01-08 18:44:12'),
(91, 1, '体育', 1, 1, '', '', 0, '', 0, '', '', '', '', '', '', 1, 13, '2017-02-04 02:19:27', '2017-02-04 02:20:11'),
(92, 1, '科技', 1, 1, '', '', 0, '', 0, '', '', '', '', '', '', 1, 12, '2017-02-17 02:48:52', '2017-03-16 04:41:40'),
(93, 1, '时尚', 1, 1, '', '', 0, '', 0, '', '', '', '', '', '', 1, 11, '2017-02-17 02:51:28', '2017-03-16 04:41:11'),
(94, 1, '导航', 0, 1, '', '', 0, '', 0, '', '', '', '', '', '', 1, 6, '2017-03-02 05:10:26', '2017-03-16 06:45:48'),
(95, 1, '生活', 94, 1, '', '', 0, '', 0, '', '', '', '', '', '', 1, 9, '2017-03-12 01:42:24', '2017-03-16 06:48:49'),
(96, 1, '本地', 1, 2, '', '', 0, '', 0, '', '', '', '', '', '', 1, 3, '2017-03-14 08:08:09', '2017-06-28 07:43:38'),
(97, 1, '民生', 1, 1, '', '', 0, '', 0, '', '', '', '', '', '', 1, 7, '2017-03-14 08:57:54', '2017-03-16 06:21:29'),
(98, 1, '直播', 94, 1, '', '', 0, '', 1, 'http://zsnc.nctv.net.cn/zsnc/live-new.php', '', '', '', '', '', 1, 7, '2017-03-16 06:48:54', '2017-03-20 09:42:18'),
(99, 1, '广电', 94, 1, '', '', 0, '', 1, 'http://zsnc.nctv.net.cn/zsnc/guangbo/shiting-one.php', '', '', '', '', '', 1, 8, '2017-03-16 06:48:22', '2017-03-19 04:14:36');

-- --------------------------------------------------------

--
-- 表的结构 `cms_category_user`
--

CREATE TABLE `cms_category_user` (
  `category_id` int(10) UNSIGNED NOT NULL,
  `user_id` int(10) UNSIGNED NOT NULL
) ENGINE=MyISAM DEFAULT CHARSET=utf8 COLLATE=utf8_unicode_ci;

--
-- 转存表中的数据 `cms_category_user`
--

INSERT INTO `cms_category_user` (`category_id`, `user_id`) VALUES
(1, 5),
(1, 9),
(1, 10),
(1, 11),
(2, 5),
(2, 10),
(2, 11),
(3, 5),
(3, 9),
(3, 10),
(3, 11),
(4, 5),
(4, 9),
(4, 10),
(4, 11),
(5, 5),
(5, 9),
(5, 10),
(5, 11),
(6, 5),
(6, 9),
(6, 10),
(6, 11),
(7, 5),
(7, 9),
(7, 10),
(7, 11),
(8, 5),
(8, 9),
(8, 10),
(8, 11),
(9, 5),
(9, 9),
(9, 10),
(9, 11),
(10, 5),
(10, 9),
(10, 10),
(10, 11),
(11, 5),
(11, 9),
(11, 10),
(11, 11),
(12, 9),
(12, 10),
(12, 11),
(13, 5),
(13, 9),
(13, 10),
(13, 11),
(14, 5),
(14, 9),
(14, 10),
(14, 11),
(15, 5),
(15, 9),
(15, 10),
(15, 11),
(16, 5),
(16, 9),
(16, 10),
(16, 11),
(17, 5),
(17, 9),
(17, 10),
(17, 11),
(18, 5),
(18, 9),
(18, 10),
(18, 11),
(19, 5),
(19, 9),
(19, 10),
(19, 11),
(20, 5),
(20, 9),
(20, 10),
(20, 11),
(21, 5),
(21, 9),
(21, 10),
(21, 11),
(22, 5),
(22, 9),
(22, 10),
(22, 11),
(23, 5),
(23, 9),
(23, 10),
(23, 11),
(24, 5),
(24, 9),
(24, 10),
(24, 11),
(25, 5),
(25, 9),
(25, 10),
(25, 11),
(26, 5),
(26, 9),
(26, 10),
(26, 11),
(27, 5),
(27, 9),
(27, 10),
(27, 11),
(28, 5),
(28, 9),
(28, 10),
(28, 11),
(29, 5),
(29, 9),
(29, 10),
(29, 11),
(30, 5),
(30, 9),
(30, 10),
(30, 11),
(31, 5),
(31, 9),
(31, 10),
(31, 11),
(32, 5),
(32, 9),
(32, 10),
(32, 11),
(33, 5),
(33, 9),
(33, 10),
(33, 11),
(34, 5),
(34, 9),
(34, 10),
(34, 11),
(35, 5),
(35, 9),
(35, 10),
(35, 11),
(36, 5),
(36, 9),
(36, 10),
(36, 11),
(37, 5),
(37, 9),
(37, 10),
(37, 11),
(38, 5),
(38, 9),
(38, 10),
(38, 11),
(39, 5),
(39, 9),
(39, 10),
(39, 11),
(40, 5),
(40, 9),
(40, 10),
(40, 11),
(41, 5),
(41, 9),
(41, 10),
(41, 11),
(42, 5),
(42, 9),
(42, 10),
(42, 11),
(43, 9),
(43, 10),
(43, 11),
(44, 5),
(44, 9),
(44, 10),
(44, 11),
(45, 5),
(45, 9),
(45, 10),
(45, 11),
(46, 9),
(46, 10),
(46, 11),
(47, 5),
(47, 9),
(47, 10),
(47, 11),
(48, 5),
(48, 9),
(48, 10),
(48, 11),
(49, 9),
(49, 10),
(49, 11),
(50, 5),
(50, 9),
(50, 10),
(50, 11),
(51, 5),
(51, 9),
(51, 10),
(51, 11),
(52, 9),
(52, 10),
(52, 11),
(53, 5),
(53, 9),
(53, 10),
(53, 11),
(54, 5),
(54, 9),
(54, 10),
(54, 11),
(55, 9),
(55, 10),
(55, 11),
(56, 5),
(56, 9),
(56, 10),
(56, 11),
(57, 5),
(57, 9),
(57, 10),
(57, 11),
(58, 9),
(58, 10),
(58, 11),
(59, 5),
(59, 9),
(59, 10),
(59, 11),
(60, 5),
(60, 9),
(60, 10),
(60, 11),
(61, 5),
(61, 9),
(61, 10),
(61, 11),
(62, 5),
(62, 9),
(62, 10),
(62, 11),
(63, 5),
(63, 9),
(63, 10),
(63, 11),
(64, 5),
(64, 9),
(64, 10),
(64, 11),
(65, 5),
(65, 9),
(65, 10),
(65, 11),
(66, 5),
(66, 9),
(66, 10),
(66, 11),
(67, 5),
(67, 9),
(67, 10),
(67, 11),
(68, 5),
(68, 9),
(68, 10),
(68, 11),
(69, 5),
(69, 9),
(69, 10),
(69, 11),
(70, 5),
(70, 9),
(70, 10),
(70, 11),
(71, 5),
(71, 9),
(71, 10),
(71, 11),
(72, 5),
(72, 9),
(72, 10),
(72, 11),
(73, 5),
(73, 9),
(73, 10),
(73, 11),
(74, 5),
(74, 9),
(74, 10),
(74, 11),
(75, 5),
(75, 9),
(75, 10),
(75, 11),
(76, 5),
(76, 9),
(76, 10),
(76, 11),
(77, 5),
(77, 9),
(77, 10),
(77, 11),
(78, 5),
(78, 9),
(78, 10),
(78, 11),
(79, 5),
(79, 9),
(79, 10),
(79, 11),
(80, 5),
(80, 9),
(80, 10),
(80, 11),
(81, 5),
(81, 9),
(81, 10),
(81, 11),
(82, 5),
(82, 9),
(82, 10),
(82, 11),
(83, 5),
(83, 9),
(83, 10),
(83, 11),
(84, 5),
(84, 9),
(84, 10),
(84, 11),
(85, 5),
(85, 9),
(85, 10),
(85, 11),
(86, 5),
(86, 9),
(86, 10),
(86, 11),
(87, 5),
(87, 9),
(87, 10),
(87, 11),
(88, 5),
(88, 9),
(88, 10),
(88, 11),
(89, 5),
(89, 9),
(89, 10),
(89, 11),
(90, 5),
(90, 9),
(90, 10),
(90, 11),
(91, 5),
(91, 9),
(91, 10),
(91, 11),
(92, 5),
(92, 9),
(92, 10),
(92, 11),
(93, 5),
(93, 9),
(93, 10),
(93, 11),
(95, 5),
(96, 5),
(96, 9),
(96, 10),
(96, 11),
(97, 5),
(97, 9),
(97, 10),
(97, 11),
(100, 5),
(100, 9),
(100, 10),
(100, 11);

-- --------------------------------------------------------

--
-- 表的结构 `cms_comments`
--

CREATE TABLE `cms_comments` (
  `id` int(10) UNSIGNED NOT NULL,
  `site_id` int(10) UNSIGNED NOT NULL COMMENT '站点ID',
  `content_id` varchar(20) COLLATE utf8_unicode_ci NOT NULL COMMENT '原文ID',
  `content_title` varchar(255) COLLATE utf8_unicode_ci NOT NULL,
  `content` varchar(255) CHARACTER SET utf8mb4 COLLATE utf8mb4_unicode_ci NOT NULL COMMENT '评论内容',
  `likes` int(10) UNSIGNED NOT NULL COMMENT '点赞数',
  `member_id` int(10) NOT NULL COMMENT '会员ID',
  `ip` char(15) COLLATE utf8_unicode_ci NOT NULL,
  `username` varchar(20) COLLATE utf8_unicode_ci NOT NULL COMMENT '用户名',
  `state` tinyint(1) NOT NULL COMMENT '状态',
  `created_at` timestamp NULL DEFAULT NULL,
  `updated_at` timestamp NULL DEFAULT NULL
) ENGINE=MyISAM DEFAULT CHARSET=utf8 COLLATE=utf8_unicode_ci;

--
-- 转存表中的数据 `cms_comments`
--

INSERT INTO `cms_comments` (`id`, `site_id`, `content_id`, `content_title`, `content`, `likes`, `member_id`, `ip`, `username`, `state`, `created_at`, `updated_at`) VALUES
(1, 1, '16', '北京房贷收紧已成趋势 首套房贷利率最低升至9折', '看看', 0, 5, '10.8.10.1', '', 9, '2017-02-28 04:20:26', '2017-02-28 04:20:26'),
(2, 1, '16', '北京房贷收紧已成趋势 首套房贷利率最低升至9折', '看看', 0, 5, '10.8.10.1', '', 9, '2017-02-28 04:22:30', '2017-02-28 04:22:30'),
(3, 1, '16', '北京房贷收紧已成趋势 首套房贷利率最低升至9折', '啦啦啦啦啦啦啦啦啦啦啦啦啦啦啦啦啦啦啦啦啦啦', 0, 5, '10.8.10.1', '', 9, '2017-02-28 07:00:41', '2017-02-28 07:00:41'),
(4, 1, '11', '洪城交通：加油站前违章乱停 红谷滩交警严肃查处', '看看', 0, 5, '10.8.10.1', '', 9, '2017-02-28 08:41:25', '2017-02-28 08:41:25'),
(5, 1, '11', '洪城交通：加油站前违章乱停 红谷滩交警严肃查处', '看看看', 0, 5, '10.8.10.1', '', 9, '2017-03-01 11:08:32', '2017-03-01 11:08:32'),
(6, 1, '2699', '刘奇：坚定不移以习近平总书记治国理政思想为指引 不断开创决胜全面小康建设富裕美丽幸福江西新局面', '看看', 0, 5, '10.8.10.1', '', 9, '2017-03-01 12:43:26', '2017-03-01 12:43:26'),
(7, 1, '2699', '刘奇：坚定不移以习近平总书记治国理政思想为指引 不断开创决胜全面小康建设富裕美丽幸福江西新局面', '看看', 0, 5, '10.8.10.1', '', 9, '2017-03-01 12:45:57', '2017-03-01 12:45:57'),
(8, 1, '2699', '刘奇：坚定不移以习近平总书记治国理政思想为指引 不断开创决胜全面小康建设富裕美丽幸福江西新局面', '我看看', 0, 5, '10.8.10.1', '', 9, '2017-03-01 13:39:24', '2017-03-01 13:39:24'),
(9, 1, '2736', '殷美根在南昌航空工业城调研座谈时强调 加快航空产业发展 助力南昌工业做强', '看看', 0, 5, '10.8.10.1', '', 9, '2017-03-02 01:34:47', '2017-03-02 01:34:47'),
(10, 1, '3178', '周关在京九铁路沿线扬子洲段协调环境综合整治工作', '111', 0, 2, '10.8.10.1', '', 9, '2017-03-02 07:31:18', '2017-03-02 07:31:18'),
(11, 1, '3234', '养老保险顶层方案酝酿出台 延迟退休年龄将进明确', '111', 0, 2, '10.8.10.1', '', 9, '2017-03-02 07:32:40', '2017-03-02 07:32:40'),
(12, 1, '3179', '姚增科：深入贯彻落实十八届六中全会和省第十四次党代会精神 做讲政治的知行合一者', '看看', 0, 7, '10.8.10.1', '', 9, '2017-03-02 07:48:42', '2017-03-02 07:48:42'),
(13, 1, '3177', '南昌市组织收听收看全省安全生产工作电视电话会议', '看看', 0, 7, '10.8.10.1', '', 9, '2017-03-02 07:49:34', '2017-03-02 07:49:34'),
(14, 1, '3178', '周关在京九铁路沿线扬子洲段协调环境综合整治工作', '挺好的', 0, 4, '10.8.10.1', '', 9, '2017-03-02 08:33:06', '2017-03-02 08:33:06'),
(15, 1, '3179', '姚增科：深入贯彻落实十八届六中全会和省第十四次党代会精神 做讲政治的知行合一者', '看看', 0, 15, '10.8.10.1', '', 9, '2017-03-02 09:27:34', '2017-03-02 09:27:34'),
(16, 1, '2965', '全球创业都在变冷：美国科技创业市场景气度创3年最低水平', '', 0, 17, '10.8.10.1', '', 9, '2017-03-02 09:34:50', '2017-03-02 09:34:50'),
(17, 1, '2965', '全球创业都在变冷：美国科技创业市场景气度创3年最低水平', '谢谢', 0, 17, '10.8.10.1', '', 9, '2017-03-02 09:35:31', '2017-03-02 09:35:31'),
(18, 1, '3179', '姚增科：深入贯彻落实十八届六中全会和省第十四次党代会精神 做讲政治的知行合一者', '????', 0, 9, '10.8.10.1', '', 9, '2017-03-02 09:46:31', '2017-03-02 09:46:31'),
(19, 1, '3179', '姚增科：深入贯彻落实十八届六中全会和省第十四次党代会精神 做讲政治的知行合一者', '????', 0, 9, '10.8.10.1', '', 9, '2017-03-02 09:46:54', '2017-03-02 09:46:54'),
(20, 1, '3179', '姚增科：深入贯彻落实十八届六中全会和省第十四次党代会精神 做讲政治的知行合一者', '????', 0, 9, '10.8.10.1', '', 0, '2017-03-02 09:47:05', '2017-03-19 04:20:16'),
(21, 1, '3179', '姚增科：深入贯彻落实十八届六中全会和省第十四次党代会精神 做讲政治的知行合一者', '????', 0, 9, '10.8.10.1', '', 9, '2017-03-02 09:48:08', '2017-03-02 09:48:08'),
(22, 1, '2743', '2号线电客车试运行的准备工作打响了第一枪', '????', 0, 17, '10.8.10.1', '', 9, '2017-03-02 10:10:36', '2017-03-02 10:10:36'),
(23, 1, '3237', '送健康、送温暖消除休市恐惧', '🤗😁😀', 0, 2, '10.8.10.1', '', 9, '2017-03-02 10:15:28', '2017-03-02 10:15:28'),
(24, 1, '2736', '殷美根在南昌航空工业城调研座谈时强调 加快航空产业发展 助力南昌工业做强', '😀😀', 0, 17, '10.8.10.1', '', 9, '2017-03-02 10:17:21', '2017-03-02 10:17:21'),
(25, 1, '3296', '三年 我市食品产业攻坚2000亿元', '看看', 0, 25, '10.8.10.1', '', 9, '2017-03-03 01:44:06', '2017-03-03 01:44:06'),
(26, 1, '3296', '三年 我市食品产业攻坚2000亿元', '微博发评论', 0, 26, '10.8.10.1', '', 9, '2017-03-03 02:00:30', '2017-03-03 02:00:30'),
(27, 1, '3296', '三年 我市食品产业攻坚2000亿元', 'QQ', 0, 16, '10.8.10.1', '', 9, '2017-03-03 02:36:12', '2017-03-03 02:36:12'),
(28, 1, '3237', '送健康、送温暖消除休市恐惧', '好', 0, 28, '10.8.10.1', '', 9, '2017-03-03 03:37:48', '2017-03-03 03:37:48'),
(29, 1, '3297', '南昌在全省率先实现市县乡三级法律顾问全覆盖', '啦啦啦', 0, 7, '10.8.10.1', '', 9, '2017-03-03 08:59:53', '2017-03-03 08:59:53'),
(30, 1, '3296', '三年 我市食品产业攻坚2000亿元', '/😀', 0, 15, '10.8.10.1', '', 9, '2017-03-09 01:39:24', '2017-03-09 01:39:24'),
(31, 1, '3969', '国羽教练名单出炉 李永波将再战东京', '😀', 0, 17, '10.8.10.1', '', 9, '2017-03-09 07:23:11', '2017-03-09 07:23:11'),
(32, 1, '4478', '节假日停车要涨价？两套方案月底听证', '停车要收费了', 0, 17, '10.8.10.1', '', 9, '2017-03-14 08:33:17', '2017-03-14 08:33:17'),
(33, 1, '4548', '以创新引领产业升级 助推城市管理', '看看', 0, 4, '10.8.10.1', '', 9, '2017-03-15 07:12:13', '2017-03-15 07:12:13'),
(34, 1, '4424', '全国人大代表殷美根：为民众增收才是硬道理', '看看', 0, 4, '10.8.10.1', '', 9, '2017-03-15 07:17:15', '2017-03-15 07:17:15'),
(35, 1, '4600', '丁俊晖世界排名上升到第四位', '你好', 0, 4, '10.8.10.1', '', 9, '2017-03-15 08:45:38', '2017-03-15 08:45:38'),
(36, 1, '4645', '限购第一周：南昌新房住宅成交946套 环比下跌近五成', '看看', 0, 7, '10.8.10.1', '', 9, '2017-03-15 09:54:13', '2017-03-15 09:54:13'),
(37, 1, '4735', '范冰冰被曝买下豪华游艇办订婚派对 经纪人否认', '看看', 0, 8, '10.8.10.1', '', 9, '2017-03-16 02:40:20', '2017-03-16 02:40:20'),
(38, 1, '4784', '马斯克离成功不远了：100天就能解决南澳停电问题', '未来就在眼前', 0, 38, '10.8.10.1', '', 9, '2017-03-16 10:19:55', '2017-03-16 10:19:55'),
(39, 1, '4856', '朴敏英拍春季写真身材好 绽放明媚笑容暖又甜', '看看', 0, 29, '10.8.10.1', '', 9, '2017-03-17 01:24:48', '2017-03-17 02:24:07'),
(40, 1, '5183', '殷美根就许诺等市民火海救人、见义勇为行为作出批示', '看看啦', 0, 4, '10.8.10.1', '', 9, '2017-03-19 05:47:21', '2017-03-19 08:03:25'),
(41, 1, '5183', '殷美根就许诺等市民火海救人、见义勇为行为作出批示', '看看', 0, 5, '10.8.10.1', '', 9, '2017-03-19 06:56:52', '2017-03-19 08:03:25'),
(42, 1, '5183', '殷美根就许诺等市民火海救人、见义勇为行为作出批示', '看看', 0, 5, '10.8.10.1', '', 9, '2017-03-19 06:56:16', '2017-03-19 08:03:25'),
(43, 1, '5182', '央视报道《江西南昌：生死瞬间 市民火海救人》', '看看', 0, 5, '10.8.10.1', '', 9, '2017-03-19 06:57:56', '2017-03-19 08:03:25'),
(44, 1, '5182', '央视报道《江西南昌：生死瞬间 市民火海救人》', '看看', 0, 5, '10.8.10.1', '', 9, '2017-03-19 06:57:20', '2017-03-19 08:03:25'),
(45, 1, '4870', '“太空舱胶囊旅馆”现身南京', '看看', 0, 5, '10.8.10.1', '', 9, '2017-03-19 06:57:46', '2017-03-19 08:03:25'),
(46, 1, '5183', '殷美根就许诺等市民火海救人、见义勇为行为作出批示', '看看', 0, 5, '10.8.10.1', '', 9, '2017-03-19 07:30:25', '2017-03-19 08:03:21'),
(47, 1, '5183', '殷美根就许诺等市民火海救人、见义勇为行为作出批示', '测试', 0, 41, '10.8.10.1', '', 9, '2017-03-20 01:49:59', '2017-03-20 01:49:59'),
(48, 1, '5310', '央视报道：春色动人 赏花经济火热（南昌）', '测试', 0, 41, '10.8.10.1', '', 9, '2017-03-20 06:02:47', '2017-03-20 06:02:47'),
(49, 1, '5363', '社科院：去年证券市场严格监管 罚没金额达峰值', '看看', 0, 8, '10.8.10.1', '', 9, '2017-03-20 10:04:35', '2017-03-20 10:04:35'),
(50, 1, '5195', '用爱心播撒温暖——“最美” 出租车司机候选人魏国刚', '测试', 0, 7, '10.8.10.1', '', 9, '2017-03-20 10:44:37', '2017-03-20 10:44:37'),
(51, 1, '5475', '发展新服务经济 助力产业强市', '测试', 0, 7, '10.8.10.1', '', 9, '2017-03-20 16:16:14', '2017-03-20 16:16:14'),
(52, 1, '5490', '①12345市长热线：向违建说“不”', '测试', 0, 7, '10.8.10.1', '', 9, '2017-03-21 01:43:52', '2017-03-21 01:43:52'),
(53, 1, '5331', '梅婷金发破洞裤潮范儿十足', '看看', 0, 7, '10.8.10.1', '', 9, '2017-03-21 01:51:37', '2017-03-21 01:51:37'),
(54, 1, '5476', '海关总署副署长孙毅彪在昌调研', '测试', 0, 7, '10.8.10.1', '', 9, '2017-03-21 02:30:16', '2017-03-21 02:30:16'),
(55, 1, '5487', '南昌综保区封关在即 11家企业签约入驻', '评论', 0, 7, '10.8.10.1', '', 9, '2017-03-21 02:30:02', '2017-03-21 02:30:02'),
(56, 1, '5487', '南昌综保区封关在即 11家企业签约入驻', '评论', 0, 7, '10.8.10.1', '', 9, '2017-03-21 02:32:23', '2017-03-21 02:32:23'),
(57, 1, '5487', '南昌综保区封关在即 11家企业签约入驻', '看看', 0, 4, '10.8.10.1', '', 9, '2017-03-21 02:32:50', '2017-03-21 02:32:50'),
(58, 1, '5475', '发展新服务经济 助力产业强市', '测试', 0, 7, '10.8.10.1', '', 9, '2017-03-21 02:33:38', '2017-03-21 02:33:38'),
(59, 1, '5475', '发展新服务经济 助力产业强市', '测试', 0, 7, '10.8.10.1', '', 9, '2017-03-21 02:35:43', '2017-03-21 02:35:43'),
(60, 1, '5044', '3月上旬江西雨量较常年偏多近2成 有3个地区雨量惊人', '测试', 0, 7, '10.8.10.1', '', 9, '2017-03-21 02:40:55', '2017-03-21 02:40:55'),
(61, 1, '5475', '发展新服务经济 助力产业强市', '看看', 0, 4, '10.8.10.1', '', 9, '2017-03-21 03:00:04', '2017-03-21 03:00:04'),
(62, 1, '5475', '发展新服务经济 助力产业强市', '好的', 0, 4, '10.8.10.1', '', 9, '2017-03-21 03:24:37', '2017-03-21 03:24:37'),
(63, 1, '5475', '发展新服务经济 助力产业强市', '测试', 0, 7, '10.8.10.1', '', 9, '2017-03-21 05:44:14', '2017-03-21 05:44:14'),
(64, 1, '5519', '男子巴黎奥利机场企图夺女兵武器遭射杀 现场画面曝光', '看看', 0, 4, '10.8.10.1', '', 9, '2017-03-21 06:17:28', '2017-03-21 06:17:28'),
(65, 1, '5480', '南昌市组织收看2017年全国清明节祭扫工作视频会议', '测试', 0, 7, '10.8.10.1', '', 9, '2017-03-21 06:36:13', '2017-03-21 06:36:13'),
(66, 1, '5511', '殷美根调研八一南昌起义暨建军九十周年纪念活动部分重点项目推进情况', '测试', 0, 7, '10.8.10.1', '', 9, '2017-03-21 07:15:03', '2017-03-21 07:15:03'),
(67, 1, '5511', '殷美根调研八一南昌起义暨建军九十周年纪念活动部分重点项目推进情况', '测试', 0, 7, '10.8.10.1', '', 9, '2017-03-21 07:15:29', '2017-03-21 07:15:29'),
(68, 1, '5509', '我市组织收听收看国务院第五次廉政工作电视电话会', '测试', 0, 7, '10.8.10.1', '', 9, '2017-03-21 07:17:45', '2017-03-21 07:17:45'),
(69, 1, '5511', '殷美根调研八一南昌起义暨建军九十周年纪念活动部分重点项目推进情况', '123', 0, 50, '10.8.10.1', '', 9, '2017-03-21 07:36:37', '2017-03-21 07:36:37'),
(70, 1, '5481', '发展新服务经济 助力产业强市', '测试', 0, 7, '10.8.10.1', '', 9, '2017-03-21 07:53:46', '2017-03-21 07:53:46'),
(71, 1, '5511', '殷美根调研八一南昌起义暨建军九十周年纪念活动部分重点项目推进情况', '看看', 0, 4, '10.8.10.1', '', 9, '2017-03-21 14:42:32', '2017-03-21 14:42:32'),
(72, 1, '5769', '三都县加强对人感染H7N9型禽流感防控工作督查', '测试', 0, 37, '10.8.10.1', '', 9, '2017-03-22 09:14:57', '2017-03-22 09:14:57'),
(73, 1, '5511', '殷美根调研八一南昌起义暨建军九十周年纪念活动部分重点项目推进情况', 'IP获取', 0, 7, '124.126.170.19', '', 9, '2017-03-22 10:12:46', '2017-03-22 10:12:46'),
(74, 1, '5697', '南昌汉代海昏侯国遗址公园建设情况调度会召开', '看看', 0, 17, '182.97.85.5', '', 9, '2017-03-22 10:12:49', '2017-03-22 10:12:49'),
(75, 1, '5806', '金句不断、内涵深刻，心社书记在南大作的形势报告让青年学子很赞', '测试', 0, 21, '124.126.170.19', '', 9, '2017-03-24 07:41:38', '2017-03-24 07:41:38'),
(76, 1, '6035', '以精细精致保长效常态 殷美根郭安暗访检查城区环境综合整治', '刚刚', 0, 58, '124.126.170.19', '', 9, '2017-03-24 07:43:08', '2017-03-24 07:43:08'),
(77, 1, '5806', '金句不断、内涵深刻，心社书记在南大作的形势报告让青年学子很赞', '测试', 0, 21, '124.126.170.19', '', 9, '2017-03-24 07:47:41', '2017-03-24 07:47:41'),
(78, 1, '5806', '金句不断、内涵深刻，心社书记在南大作的形势报告让青年学子很赞', '测试', 0, 21, '124.126.170.19', '', 9, '2017-03-24 07:48:02', '2017-03-24 07:48:02'),
(79, 1, '6034', '2017年全市文化广电新闻出版工作会举行', '测试', 0, 21, '124.126.170.19', '', 0, '2017-03-24 07:48:03', '2017-06-27 06:21:38');

-- --------------------------------------------------------

--
-- 表的结构 `cms_contents`
--
-- 使用中(#1146 - Table 'cms.cms_contents' doesn't exist)
-- 读取数据时发生错误: (#1146 - Table 'cms.cms_contents' doesn't exist)

-- --------------------------------------------------------

--
-- 表的结构 `cms_content_items`
--
-- 使用中(#1146 - Table 'cms.cms_content_items' doesn't exist)
-- 读取数据时发生错误: (#1146 - Table 'cms.cms_content_items' doesn't exist)

-- --------------------------------------------------------

--
-- 表的结构 `cms_dictionaries`
--

CREATE TABLE `cms_dictionaries` (
  `id` int(10) UNSIGNED NOT NULL,
  `site_id` int(10) UNSIGNED NOT NULL COMMENT '站点id',
  `code` varchar(255) COLLATE utf8_unicode_ci NOT NULL,
  `name` varchar(255) COLLATE utf8_unicode_ci NOT NULL,
  `value` text COLLATE utf8_unicode_ci NOT NULL,
  `created_at` timestamp NULL DEFAULT NULL,
  `updated_at` timestamp NULL DEFAULT NULL
) ENGINE=MyISAM DEFAULT CHARSET=utf8 COLLATE=utf8_unicode_ci;

--
-- 转存表中的数据 `cms_dictionaries`
--

INSERT INTO `cms_dictionaries` (`id`, `site_id`, `code`, `name`, `value`, `created_at`, `updated_at`) VALUES
(1, 1, 'cn', '中文', 'zh-CN', '2016-06-22 00:00:29', '2016-06-22 00:00:29');

-- --------------------------------------------------------

--
-- 表的结构 `cms_favorites`
--

CREATE TABLE `cms_favorites` (
  `id` int(10) UNSIGNED NOT NULL,
  `site_id` int(10) UNSIGNED NOT NULL COMMENT '站点ID',
  `category_id` int(10) UNSIGNED NOT NULL COMMENT '栏目ID',
  `content_id` int(10) UNSIGNED NOT NULL COMMENT '原文ID',
  `title` varchar(255) COLLATE utf8_unicode_ci NOT NULL COMMENT '标题',
  `member_id` int(10) NOT NULL COMMENT '会员ID',
  `created_at` timestamp NULL DEFAULT NULL,
  `updated_at` timestamp NULL DEFAULT NULL
) ENGINE=MyISAM DEFAULT CHARSET=utf8 COLLATE=utf8_unicode_ci;

-- --------------------------------------------------------

--
-- 表的结构 `cms_files`
--

CREATE TABLE `cms_files` (
  `id` int(10) UNSIGNED NOT NULL,
  `refer_id` int(10) UNSIGNED NOT NULL COMMENT '关联ID',
  `refer_type` varchar(255) COLLATE utf8_unicode_ci DEFAULT NULL COMMENT '关联类型',
  `type` tinyint(4) NOT NULL COMMENT '文件类型',
  `title` varchar(255) COLLATE utf8_unicode_ci NOT NULL COMMENT '标题',
  `url` text COLLATE utf8_unicode_ci NOT NULL COMMENT 'URL',
  `summary` text COLLATE utf8_unicode_ci NOT NULL COMMENT '描述',
  `sort` int(10) UNSIGNED DEFAULT '0' COMMENT '序号',
  `created_at` timestamp NULL DEFAULT NULL,
  `updated_at` timestamp NULL DEFAULT NULL
) ENGINE=InnoDB DEFAULT CHARSET=utf8 COLLATE=utf8_unicode_ci;

--
-- 转存表中的数据 `cms_files`
--

INSERT INTO `cms_files` (`id`, `refer_id`, `refer_type`, `type`, `title`, `url`, `summary`, `sort`, `created_at`, `updated_at`) VALUES
(1, 5, 'App\\Models\\Article', 3, '', '/uploads/videos/2017/0804/20170804112558830.mp4', '', 0, '2017-08-04 03:37:35', '2017-08-04 03:37:35'),
(2, 5, 'App\\Models\\Article', 3, '', '/uploads/videos/2017/0804/20170804112558905.mp4', '', 1, '2017-08-04 03:37:35', '2017-08-04 03:37:35'),
(3, 5, 'App\\Models\\Article', 1, '', '/uploads/images/2017/0804/20170804112540913.jpg', '', 0, '2017-08-04 03:37:35', '2017-08-04 03:37:35'),
(4, 5, 'App\\Models\\Article', 1, '', '/uploads/images/2017/0804/20170804112540540.jpg', '', 1, '2017-08-04 03:37:35', '2017-08-04 03:37:35'),
(5, 5, 'App\\Models\\Article', 1, '', '/uploads/images/2017/0804/20170804112540189.jpg', '', 2, '2017-08-04 03:37:35', '2017-08-04 03:37:35');

-- --------------------------------------------------------

--
-- 表的结构 `cms_keywords`
--

CREATE TABLE `cms_keywords` (
  `id` int(10) UNSIGNED NOT NULL,
  `site_id` int(10) UNSIGNED NOT NULL COMMENT '站点id',
  `name` varchar(255) COLLATE utf8_unicode_ci NOT NULL DEFAULT '' COMMENT '名称',
  `times` int(10) UNSIGNED NOT NULL COMMENT '使用次数',
  `created_at` timestamp NULL DEFAULT NULL,
  `updated_at` timestamp NULL DEFAULT NULL
) ENGINE=MyISAM DEFAULT CHARSET=utf8 COLLATE=utf8_unicode_ci;

--
-- 转存表中的数据 `cms_keywords`
--

INSERT INTO `cms_keywords` (`id`, `site_id`, `name`, `times`, `created_at`, `updated_at`) VALUES
(1, 0, '南昌', 125, '2017-03-12 14:25:16', '2017-03-24 02:26:06'),
(2, 0, '生活', 8, '2017-03-12 14:25:26', '2017-03-22 09:17:43'),
(3, 0, '社会', 150, '2017-03-13 00:09:20', '2017-03-24 08:29:33'),
(4, 0, '巨无霸大鱼', 1, '2017-03-13 00:09:20', '2017-03-13 00:09:20'),
(5, 0, '财经', 91, '2017-03-13 00:17:30', '2017-03-24 07:30:03'),
(6, 0, '加息', 1, '2017-03-13 00:17:30', '2017-03-13 00:17:30'),
(7, 0, '体育', 68, '2017-03-13 00:19:14', '2017-03-24 04:27:52'),
(8, 0, '詹姆斯', 1, '2017-03-13 00:19:14', '2017-03-13 00:19:14'),
(9, 0, '健康', 61, '2017-03-13 00:30:01', '2017-03-24 03:07:13'),
(10, 0, '钱庆文', 1, '2017-03-13 00:30:01', '2017-03-13 00:30:01'),
(11, 0, '国际', 146, '2017-03-13 00:37:18', '2017-03-27 02:16:53'),
(12, 0, '中国', 1, '2017-03-13 00:37:18', '2017-03-13 00:37:18'),
(13, 0, '国内', 16, '2017-03-13 00:42:46', '2017-03-21 08:47:14'),
(14, 0, '孙中山', 1, '2017-03-13 00:42:46', '2017-03-13 00:42:46'),
(15, 0, '3.9亿', 1, '2017-03-13 00:54:50', '2017-03-13 00:54:50'),
(16, 0, '甘肃', 1, '2017-03-13 01:07:17', '2017-03-13 01:07:17'),
(17, 0, '王贺胜', 1, '2017-03-13 01:16:38', '2017-03-13 01:16:38'),
(18, 0, '文娱', 66, '2017-03-13 01:25:29', '2017-03-24 07:40:53'),
(19, 0, '欧阳娜娜', 1, '2017-03-13 01:25:29', '2017-03-13 01:25:29'),
(20, 0, '聚焦能源', 1, '2017-03-13 01:36:14', '2017-03-13 01:36:14'),
(21, 0, '科技', 67, '2017-03-13 01:42:24', '2017-03-24 03:56:20'),
(22, 0, '撕起来了', 1, '2017-03-13 01:42:24', '2017-03-13 01:42:24'),
(23, 0, '青瓦台', 1, '2017-03-13 01:53:41', '2017-03-13 01:53:41'),
(24, 0, '卫计委主任', 1, '2017-03-13 02:02:39', '2017-03-13 02:02:39'),
(25, 0, '时尚', 64, '2017-03-13 02:18:52', '2017-03-24 03:07:06'),
(26, 0, '邹市明娇妻', 1, '2017-03-13 02:18:52', '2017-03-13 02:18:52'),
(27, 0, '204', 1, '2017-03-13 02:42:58', '2017-03-13 02:42:58'),
(28, 0, '克鲁尼', 3, '2017-03-13 03:01:24', '2017-03-13 03:26:27'),
(29, 0, '总决赛', 1, '2017-03-13 03:26:02', '2017-03-13 03:26:02'),
(30, 0, '网点少', 2, '2017-03-13 03:32:00', '2017-03-13 03:32:12'),
(31, 0, '曹洪欣', 1, '2017-03-13 03:34:24', '2017-03-13 03:34:24'),
(32, 0, '三亚', 3, '2017-03-13 03:39:14', '2017-03-13 03:58:02'),
(33, 0, '王智', 1, '2017-03-13 03:59:19', '2017-03-13 03:59:19'),
(34, 0, '美前副总统', 1, '2017-03-13 04:17:07', '2017-03-13 04:17:07'),
(35, 0, '中甲', 1, '2017-03-13 04:18:17', '2017-03-13 04:18:17'),
(36, 0, '不负春光', 1, '2017-03-13 04:41:26', '2017-03-13 04:41:26'),
(37, 0, '智能', 1, '2017-03-13 04:43:04', '2017-03-13 04:43:04'),
(38, 0, '文艺工作者', 1, '2017-03-13 04:44:56', '2017-03-13 04:44:56'),
(39, 0, '养老金', 1, '2017-03-13 04:53:37', '2017-03-13 04:53:37'),
(40, 0, '冷空气', 1, '2017-03-13 05:24:59', '2017-03-13 05:24:59'),
(41, 0, '华夏幸福', 1, '2017-03-13 05:47:09', '2017-03-13 05:47:09'),
(42, 0, '北京', 8, '2017-03-13 05:48:49', '2017-03-24 00:40:48'),
(43, 0, '大厂商', 1, '2017-03-13 07:43:03', '2017-03-13 07:43:03'),
(44, 0, '日本', 1, '2017-03-13 07:44:03', '2017-03-13 07:44:03'),
(45, 0, '温碧霞', 1, '2017-03-13 07:44:59', '2017-03-13 07:44:59'),
(46, 0, '谢安琪', 1, '2017-03-13 08:05:44', '2017-03-13 08:05:44'),
(47, 0, '乐天', 1, '2017-03-13 08:07:51', '2017-03-13 08:07:51'),
(48, 0, '预备队', 1, '2017-03-13 08:08:52', '2017-03-13 08:08:52'),
(49, 0, '孙宏斌', 1, '2017-03-13 08:11:07', '2017-03-13 08:11:07'),
(50, 0, '国际商会', 1, '2017-03-13 08:14:41', '2017-03-13 08:14:41'),
(51, 0, '迪丽热巴', 1, '2017-03-13 08:16:58', '2017-03-13 08:16:58'),
(52, 0, '“智商税”', 1, '2017-03-13 08:18:20', '2017-03-13 08:18:20'),
(53, 0, '搁浅', 1, '2017-03-13 08:21:18', '2017-03-13 08:21:18'),
(54, 0, '360度', 1, '2017-03-13 08:23:32', '2017-03-13 08:23:32'),
(55, 0, '加州', 1, '2017-03-13 08:24:29', '2017-03-13 08:24:29'),
(56, 0, '辣妈赵薇', 1, '2017-03-13 08:25:50', '2017-03-13 08:25:50'),
(57, 0, '京津冀', 1, '2017-03-13 08:26:44', '2017-03-13 08:26:44'),
(58, 0, '北方', 2, '2017-03-13 08:32:15', '2017-03-18 00:45:21'),
(59, 0, '超7成', 1, '2017-03-13 08:34:29', '2017-03-13 08:34:29'),
(60, 0, '回应', 1, '2017-03-13 08:35:31', '2017-03-13 08:35:31'),
(61, 0, '沙特国王', 1, '2017-03-13 08:37:01', '2017-03-13 08:37:01'),
(62, 0, '昔日拳击手', 1, '2017-03-13 08:37:46', '2017-03-13 08:37:46'),
(63, 0, '本台', 264, '2017-03-13 10:26:19', '2017-03-23 08:29:54'),
(64, 0, '殷梅根', 5, '2017-03-13 15:14:36', '2017-03-15 02:31:26'),
(65, 0, '二期施工期间交通管理的通告', 3, '2017-03-14 02:25:09', '2017-03-14 02:49:44'),
(66, 0, '借壳', 1, '2017-03-14 06:08:23', '2017-03-14 06:08:23'),
(67, 0, '近日异常天气', 1, '2017-03-14 08:15:26', '2017-03-14 08:15:26'),
(68, 0, '坚决维护', 1, '2017-03-14 08:16:43', '2017-03-14 08:16:43'),
(69, 0, '黑白配', 1, '2017-03-14 08:18:34', '2017-03-14 08:18:34'),
(70, 0, '求婚“藏头诗”', 1, '2017-03-14 08:19:30', '2017-03-14 08:19:30'),
(71, 0, '吃紫甘蓝苗', 2, '2017-03-14 08:20:24', '2017-03-14 08:36:43'),
(72, 0, '迷雾重重', 2, '2017-03-14 08:21:21', '2017-03-14 08:36:57'),
(73, 0, '顺丰控股', 1, '2017-03-14 08:22:21', '2017-03-14 08:22:21'),
(74, 0, '治雾霾', 1, '2017-03-14 08:23:10', '2017-03-14 08:23:10'),
(75, 0, '杨幂', 1, '2017-03-14 08:24:49', '2017-03-14 08:24:49'),
(76, 0, '拒绝患者查病历', 1, '2017-03-14 08:25:35', '2017-03-14 08:25:35'),
(77, 0, '三星收购', 1, '2017-03-14 08:26:21', '2017-03-14 08:26:21'),
(78, 0, '思源芭莎', 1, '2017-03-14 08:27:54', '2017-03-14 08:27:54'),
(79, 0, '万科', 1, '2017-03-14 08:31:29', '2017-03-14 08:31:29'),
(80, 0, '一大波', 1, '2017-03-14 08:34:09', '2017-03-14 08:34:09'),
(81, 0, '开罗', 1, '2017-03-14 08:35:06', '2017-03-14 08:35:06'),
(82, 0, '广州恒大', 1, '2017-03-14 08:35:49', '2017-03-14 08:35:49'),
(83, 0, '网贷', 1, '2017-03-14 08:37:01', '2017-03-14 08:37:01'),
(84, 0, '白宫', 2, '2017-03-14 08:37:51', '2017-03-22 09:19:32'),
(85, 0, '3200点', 1, '2017-03-14 08:40:21', '2017-03-14 08:40:21'),
(86, 0, '小学生', 2, '2017-03-14 08:41:29', '2017-03-18 01:16:03'),
(87, 0, '韩海水部', 1, '2017-03-14 08:42:18', '2017-03-14 08:42:18'),
(88, 0, '老而弥坚', 1, '2017-03-14 08:44:28', '2017-03-14 08:44:28'),
(89, 0, '品牌', 1, '2017-03-14 08:47:42', '2017-03-14 08:47:42'),
(90, 0, '枣核', 1, '2017-03-14 08:48:37', '2017-03-14 08:48:37'),
(91, 0, '科学家', 1, '2017-03-14 08:49:42', '2017-03-14 08:49:42'),
(92, 0, '曾舜晞', 1, '2017-03-14 08:50:21', '2017-03-14 08:50:21'),
(93, 0, '视频', 22, '2017-03-15 00:13:21', '2017-03-21 09:02:41'),
(94, 0, '本地', 74, '2017-03-15 00:30:08', '2017-03-21 09:41:26'),
(95, 0, '民生', 109, '2017-03-15 01:47:47', '2017-03-24 04:47:39'),
(96, 0, '代表建议8360件', 1, '2017-03-16 00:08:47', '2017-03-16 00:08:47'),
(97, 0, '河南', 1, '2017-03-16 00:16:25', '2017-03-16 00:16:25'),
(98, 0, '网购七日', 1, '2017-03-16 00:18:01', '2017-03-16 00:18:01'),
(99, 0, '琼瑶笑看死亡文章被脸书删除', 1, '2017-03-16 00:25:32', '2017-03-16 00:25:32'),
(100, 0, '大学生', 3, '2017-03-16 07:01:42', '2017-03-24 02:40:28'),
(101, 0, '救人', 2, '2017-03-16 07:01:42', '2017-03-16 07:02:25'),
(102, 0, '全球', 1, '2017-03-16 08:56:01', '2017-03-16 08:56:01'),
(103, 0, '保安', 1, '2017-03-16 08:57:19', '2017-03-16 08:57:19'),
(104, 0, '借贷产品', 1, '2017-03-16 08:58:51', '2017-03-16 08:58:51'),
(105, 0, '江西', 8, '2017-03-16 12:17:28', '2017-03-22 04:22:54'),
(106, 0, '2020年', 4, '2017-03-16 13:33:32', '2017-03-17 01:08:47'),
(107, 0, '2700亿元', 4, '2017-03-16 13:33:32', '2017-03-17 01:08:47'),
(108, 0, '招商引资', 4, '2017-03-16 13:33:32', '2017-03-17 01:08:47'),
(109, 0, '花博园', 4, '2017-03-16 13:34:54', '2017-03-23 08:24:30'),
(110, 0, '380万', 2, '2017-03-16 13:34:54', '2017-03-17 01:09:50'),
(111, 0, '市场', 1, '2017-03-16 13:37:32', '2017-03-16 13:37:32'),
(112, 0, '质量监督', 1, '2017-03-16 13:37:32', '2017-03-16 13:37:32'),
(113, 0, '华清', 1, '2017-03-16 13:38:25', '2017-03-16 13:38:25'),
(114, 0, '调研', 1, '2017-03-16 13:38:25', '2017-03-16 13:38:25'),
(115, 0, '三风', 1, '2017-03-16 13:40:16', '2017-03-16 13:40:16'),
(116, 0, '陈德寿', 1, '2017-03-16 13:41:10', '2017-03-16 13:41:10'),
(117, 0, '东湖区', 1, '2017-03-16 13:41:10', '2017-03-16 13:41:10'),
(118, 0, '老福山', 21, '2017-03-16 14:40:29', '2017-03-17 06:18:41'),
(119, 0, '车祸', 25, '2017-03-16 14:40:29', '2017-03-20 12:57:39'),
(120, 0, '交通', 2, '2017-03-17 03:56:34', '2017-03-17 03:57:39'),
(121, 0, '可私下解决', 1, '2017-03-17 06:14:07', '2017-03-17 06:14:07'),
(122, 0, '八强', 1, '2017-03-17 06:15:41', '2017-03-17 06:15:41'),
(123, 0, '美司法机构', 2, '2017-03-17 06:18:04', '2017-03-17 06:18:23'),
(124, 0, '手机游戏', 1, '2017-03-17 06:19:20', '2017-03-17 06:19:20'),
(125, 0, '仙姑', 1, '2017-03-17 06:22:57', '2017-03-17 06:22:57'),
(126, 0, '韩星夫妇', 1, '2017-03-17 06:52:38', '2017-03-17 06:52:38'),
(127, 0, '3月上旬', 1, '2017-03-17 07:13:34', '2017-03-17 07:13:34'),
(128, 0, '省博物馆新馆', 1, '2017-03-17 07:24:37', '2017-03-17 07:24:37'),
(129, 0, '纽约股市', 1, '2017-03-17 07:25:38', '2017-03-17 07:25:38'),
(130, 0, '匈牙利', 1, '2017-03-17 07:26:47', '2017-03-17 07:26:47'),
(131, 0, '欧联杯', 1, '2017-03-17 07:27:36', '2017-03-17 07:27:36'),
(132, 0, '恒大', 2, '2017-03-17 07:28:40', '2017-03-22 09:16:36'),
(133, 0, '能开中欧班列', 1, '2017-03-17 07:29:34', '2017-03-17 07:29:34'),
(134, 0, '美科', 1, '2017-03-17 07:31:10', '2017-03-17 07:31:10'),
(135, 0, '滕王阁', 1, '2017-03-17 07:33:54', '2017-03-17 07:33:54'),
(136, 0, '王鸥', 1, '2017-03-17 07:34:42', '2017-03-17 07:34:42'),
(137, 0, '广场舞', 1, '2017-03-17 07:35:57', '2017-03-17 07:35:57'),
(138, 0, '午盘', 1, '2017-03-17 07:38:17', '2017-03-17 07:38:17'),
(139, 0, '江西开展', 1, '2017-03-17 07:39:04', '2017-03-17 07:39:04'),
(140, 0, '微软云服务', 1, '2017-03-17 07:40:31', '2017-03-17 07:40:31'),
(141, 0, '纪念', 1, '2017-03-17 07:41:07', '2017-03-17 07:41:07'),
(142, 0, '中国中车地铁', 1, '2017-03-17 07:42:00', '2017-03-17 07:42:00'),
(143, 0, '人力资源产业园', 1, '2017-03-17 07:43:31', '2017-03-17 07:43:31'),
(144, 0, '专家解读', 1, '2017-03-17 07:45:19', '2017-03-17 07:45:19'),
(145, 0, '张继科', 1, '2017-03-17 07:46:49', '2017-03-17 07:46:49'),
(146, 0, '欧盟要求', 1, '2017-03-17 07:48:05', '2017-03-17 07:48:05'),
(147, 0, '中青国际', 1, '2017-03-17 07:49:24', '2017-03-17 07:49:24'),
(148, 0, '男子持榔头', 1, '2017-03-17 07:50:08', '2017-03-17 07:50:08'),
(149, 0, '英雄城', 5, '2017-03-17 14:00:25', '2017-03-23 07:46:44'),
(150, 0, '省政协调研', 1, '2017-03-17 14:04:18', '2017-03-17 14:04:18'),
(151, 0, '郭安', 5, '2017-03-17 14:05:33', '2017-03-18 02:27:39'),
(152, 0, '全市“兴家风、淳民风、正社风”', 1, '2017-03-17 14:06:29', '2017-03-17 14:06:29'),
(153, 0, '全市纪检监察', 1, '2017-03-17 14:07:28', '2017-03-17 14:07:28'),
(154, 0, '优化沿江中大道', 1, '2017-03-17 14:08:14', '2017-03-17 14:08:14'),
(155, 0, 'Google', 1, '2017-03-18 00:15:05', '2017-03-18 00:15:05'),
(156, 0, '周末', 1, '2017-03-18 00:18:06', '2017-03-18 00:18:06'),
(157, 0, '车站', 1, '2017-03-18 00:18:06', '2017-03-18 00:18:06'),
(158, 0, '跆拳道', 1, '2017-03-18 00:21:09', '2017-03-18 00:21:09'),
(159, 0, '超模', 1, '2017-03-18 00:25:43', '2017-03-18 00:25:43'),
(160, 0, '杜鹃', 1, '2017-03-18 00:25:43', '2017-03-18 00:25:43'),
(161, 0, '志愿者', 1, '2017-03-18 00:34:07', '2017-03-18 00:34:07'),
(162, 0, '地铁', 1, '2017-03-18 00:34:07', '2017-03-18 00:34:07'),
(163, 0, 'Swatch', 1, '2017-03-18 00:35:46', '2017-03-18 00:35:46'),
(164, 0, '智能手表', 1, '2017-03-18 00:35:46', '2017-03-18 00:35:46'),
(165, 0, '南方', 1, '2017-03-18 00:45:21', '2017-03-18 00:45:21'),
(166, 0, '保险', 1, '2017-03-18 01:12:28', '2017-03-18 01:12:28'),
(167, 0, '高消费', 1, '2017-03-18 01:16:03', '2017-03-18 01:16:03'),
(168, 0, '环保部', 1, '2017-03-18 01:33:15', '2017-03-18 01:33:15'),
(169, 0, '胶囊旅馆', 1, '2017-03-18 03:54:11', '2017-03-18 03:54:11'),
(170, 0, '南京', 1, '2017-03-18 03:54:11', '2017-03-18 03:54:11'),
(171, 0, '萌萌哒', 2, '2017-03-18 04:08:35', '2017-03-20 09:41:52'),
(172, 0, '北约', 1, '2017-03-18 04:09:54', '2017-03-18 04:09:54'),
(173, 0, '统计局', 1, '2017-03-18 04:10:49', '2017-03-18 04:10:49'),
(174, 0, '董力复', 4, '2017-03-18 06:48:22', '2017-03-20 09:41:30'),
(175, 0, '冰壶', 2, '2017-03-18 06:50:54', '2017-03-18 06:54:12'),
(176, 0, '兰州', 1, '2017-03-18 06:53:33', '2017-03-18 06:53:33'),
(177, 0, '没剪', 2, '2017-03-18 07:01:32', '2017-03-18 07:01:44'),
(178, 0, '头发', 2, '2017-03-18 07:01:32', '2017-03-18 07:01:44'),
(179, 0, '小S', 1, '2017-03-18 07:03:01', '2017-03-18 07:03:01'),
(180, 0, '鬼脸', 1, '2017-03-18 07:03:01', '2017-03-18 07:03:01'),
(181, 0, 'H7N9', 1, '2017-03-18 07:39:43', '2017-03-18 07:39:43'),
(182, 0, '中国疾控中心', 1, '2017-03-18 07:39:43', '2017-03-18 07:39:43'),
(183, 0, '机器人', 1, '2017-03-18 07:40:16', '2017-03-18 07:40:16'),
(184, 0, 'p2p', 1, '2017-03-18 07:40:37', '2017-03-18 07:40:37'),
(185, 0, '银监会', 1, '2017-03-18 07:41:33', '2017-03-18 07:41:33'),
(186, 0, '预付', 1, '2017-03-18 07:43:44', '2017-03-18 07:43:44'),
(187, 0, '商家', 1, '2017-03-18 07:43:44', '2017-03-18 07:43:44'),
(188, 0, '公安局', 1, '2017-03-18 07:45:06', '2017-03-18 07:45:06'),
(189, 0, '补换身份证', 1, '2017-03-18 07:45:06', '2017-03-18 07:45:06'),
(190, 0, '户口簿', 1, '2017-03-18 07:45:06', '2017-03-18 07:45:06'),
(191, 0, '榔头', 1, '2017-03-18 07:53:43', '2017-03-18 07:53:43'),
(192, 0, '关晓彤', 1, '2017-03-18 07:56:11', '2017-03-18 07:56:11'),
(193, 0, '重庆', 1, '2017-03-18 07:57:49', '2017-03-18 07:57:49'),
(194, 0, '校门', 1, '2017-03-18 07:57:49', '2017-03-18 07:57:49'),
(195, 0, '同名同姓', 1, '2017-03-18 08:00:01', '2017-03-18 08:00:01'),
(196, 0, '入境', 1, '2017-03-18 08:00:57', '2017-03-18 08:00:57'),
(197, 0, '美司法部', 1, '2017-03-18 08:00:57', '2017-03-18 08:00:57'),
(198, 0, '高息', 1, '2017-03-18 08:02:12', '2017-03-18 08:02:12'),
(199, 0, '套路', 1, '2017-03-18 08:02:12', '2017-03-18 08:02:12'),
(200, 0, '平安大街', 1, '2017-03-18 08:05:36', '2017-03-18 08:05:36'),
(201, 0, '电影', 1, '2017-03-18 08:07:54', '2017-03-18 08:07:54'),
(202, 0, '逃亡', 1, '2017-03-18 08:07:54', '2017-03-18 08:07:54'),
(203, 0, '粥', 1, '2017-03-18 08:09:36', '2017-03-18 08:09:36'),
(204, 0, '防病', 1, '2017-03-18 08:09:36', '2017-03-18 08:09:36'),
(205, 0, '公安部', 1, '2017-03-18 08:11:23', '2017-03-18 08:11:23'),
(206, 0, '见义勇为', 1, '2017-03-18 08:11:23', '2017-03-18 08:11:23'),
(207, 0, '马拉松', 2, '2017-03-18 08:17:35', '2017-03-18 08:38:41'),
(208, 0, '公益', 2, '2017-03-18 08:17:35', '2017-03-18 08:38:41'),
(209, 0, '香蕉', 1, '2017-03-19 00:33:49', '2017-03-19 00:33:49'),
(210, 0, '司机', 1, '2017-03-19 02:13:39', '2017-03-19 02:13:39'),
(211, 0, '爱心', 3, '2017-03-19 02:13:39', '2017-03-23 06:16:21'),
(212, 0, '316', 4, '2017-03-19 02:26:19', '2017-03-20 12:57:39'),
(213, 0, '英雄', 31, '2017-03-19 02:26:19', '2017-03-23 08:23:18'),
(214, 0, '选好适合你的早餐', 1, '2017-03-19 02:52:59', '2017-03-19 02:52:59'),
(215, 0, '少吃八类高盐食品', 2, '2017-03-19 03:19:57', '2017-03-19 06:53:07'),
(216, 0, '心脏病', 2, '2017-03-19 03:22:27', '2017-03-19 06:45:54'),
(217, 0, '河北沙河警方', 1, '2017-03-19 06:31:43', '2017-03-19 06:31:43'),
(218, 0, '上海', 2, '2017-03-19 06:33:47', '2017-03-24 07:40:53'),
(219, 0, '特朗普', 1, '2017-03-19 06:36:07', '2017-03-19 06:36:07'),
(220, 0, '希拉里', 1, '2017-03-19 06:36:07', '2017-03-19 06:36:07'),
(221, 0, '职业', 1, '2017-03-19 06:39:13', '2017-03-19 06:39:13'),
(222, 0, '大货车', 1, '2017-03-19 06:42:15', '2017-03-19 06:42:15'),
(223, 0, '经济学家', 1, '2017-03-19 06:44:12', '2017-03-19 06:44:12'),
(224, 0, '人民日报', 2, '2017-03-19 06:47:24', '2017-03-19 15:12:27'),
(225, 0, '测天赋', 1, '2017-03-19 06:48:50', '2017-03-19 06:48:50'),
(226, 0, '北上广', 1, '2017-03-19 06:50:25', '2017-03-19 06:50:25'),
(227, 0, '站在三岔路口', 1, '2017-03-19 06:51:05', '2017-03-19 06:51:05'),
(228, 0, '共享单车', 1, '2017-03-19 06:52:22', '2017-03-19 06:52:22'),
(229, 0, '观点', 5, '2017-03-19 11:53:11', '2017-03-19 15:34:56'),
(230, 0, '火海救人', 16, '2017-03-19 12:32:08', '2017-03-19 13:08:43'),
(231, 0, '春色动人', 1, '2017-03-19 14:55:33', '2017-03-19 14:55:33'),
(232, 0, '央视', 1, '2017-03-19 15:13:33', '2017-03-19 15:13:33'),
(233, 0, '新闻联播', 1, '2017-03-19 15:13:33', '2017-03-19 15:13:33'),
(234, 0, '点赞', 1, '2017-03-19 15:15:54', '2017-03-19 15:15:54'),
(235, 0, '南昌市', 1, '2017-03-19 15:17:03', '2017-03-19 15:17:03'),
(236, 0, '2000亿', 1, '2017-03-19 15:17:03', '2017-03-19 15:17:03'),
(237, 0, '北京冬奥组', 1, '2017-03-20 08:19:41', '2017-03-20 08:19:41'),
(238, 0, '花博会', 3, '2017-03-21 03:08:12', '2017-03-23 02:04:47'),
(239, 0, '梅西', 1, '2017-03-21 05:05:44', '2017-03-21 05:05:44'),
(240, 0, '阚清子', 1, '2017-03-21 06:35:35', '2017-03-21 06:35:35'),
(241, 0, '结核病', 2, '2017-03-21 06:40:37', '2017-03-24 04:14:32'),
(242, 0, '医疗事故', 1, '2017-03-21 08:43:03', '2017-03-21 08:43:03'),
(243, 0, '车牌', 2, '2017-03-22 00:12:04', '2017-03-22 00:21:06'),
(244, 0, '315', 1, '2017-03-22 04:22:54', '2017-03-22 04:22:54'),
(245, 0, '电力', 1, '2017-03-22 04:23:56', '2017-03-22 04:23:56'),
(246, 0, '创新', 1, '2017-03-22 04:23:56', '2017-03-22 04:23:56'),
(247, 0, '白百何特辑', 2, '2017-03-22 04:27:57', '2017-03-22 04:59:50'),
(248, 0, '“冤家版”', 3, '2017-03-22 04:29:57', '2017-03-22 08:54:12'),
(249, 0, '除了发布红色iPhone', 1, '2017-03-22 05:01:13', '2017-03-22 05:01:13'),
(250, 0, '两例H7N9', 1, '2017-03-22 05:08:10', '2017-03-22 05:08:10'),
(251, 0, '红色iPhone', 1, '2017-03-22 05:08:47', '2017-03-22 05:08:47'),
(252, 0, '张天爱', 1, '2017-03-22 05:09:15', '2017-03-22 05:09:15'),
(253, 0, '开原', 1, '2017-03-22 05:59:39', '2017-03-22 05:59:39'),
(254, 0, '花博会4月10日开幕', 1, '2017-03-22 06:00:56', '2017-03-22 06:00:56'),
(255, 0, '内马尔遭讥讽', 2, '2017-03-22 06:01:50', '2017-03-22 06:03:26'),
(256, 0, '封堵', 1, '2017-03-22 06:04:46', '2017-03-22 06:04:46'),
(257, 0, '南昌地铁2号线', 1, '2017-03-22 06:05:44', '2017-03-22 06:05:44'),
(258, 0, '《记忆大师》', 1, '2017-03-22 06:08:29', '2017-03-22 06:08:29'),
(259, 0, '《超凡战队》', 1, '2017-03-22 06:10:10', '2017-03-22 06:10:10'),
(260, 0, '《侏罗纪2》', 2, '2017-03-22 06:11:43', '2017-03-22 09:09:21'),
(261, 0, '薛之谦', 1, '2017-03-22 06:13:03', '2017-03-22 06:13:03'),
(262, 0, '同治理雾霾', 1, '2017-03-22 06:15:35', '2017-03-22 06:15:35'),
(263, 0, '对中国经济', 1, '2017-03-22 06:18:41', '2017-03-22 06:18:41'),
(264, 0, '汽车质量问题可司法鉴定', 1, '2017-03-22 06:22:57', '2017-03-22 06:22:57'),
(265, 0, '暗访奥迪4S店', 1, '2017-03-22 06:25:15', '2017-03-22 06:25:15'),
(266, 0, '陷阱有多深', 1, '2017-03-22 06:28:40', '2017-03-22 06:28:40'),
(267, 0, '货币市场', 1, '2017-03-22 06:42:36', '2017-03-22 06:42:36'),
(268, 0, '电信诈骗', 1, '2017-03-22 06:43:57', '2017-03-22 06:43:57'),
(269, 0, '监管重压下P2P', 1, '2017-03-22 06:46:59', '2017-03-22 06:46:59'),
(270, 0, '最严调控令', 1, '2017-03-22 06:49:37', '2017-03-22 06:49:37'),
(271, 0, '大宗商品', 1, '2017-03-22 06:52:55', '2017-03-22 06:52:55'),
(272, 0, '支付宝', 1, '2017-03-22 06:54:20', '2017-03-22 06:54:20'),
(273, 0, '2017年世界防治结核病', 1, '2017-03-22 06:56:59', '2017-03-22 06:56:59'),
(274, 0, '3.22世界水日', 1, '2017-03-22 06:58:43', '2017-03-22 06:58:43'),
(275, 0, '男子出差', 1, '2017-03-22 07:01:16', '2017-03-22 07:01:16'),
(276, 0, '久病床前有孝', 1, '2017-03-22 07:12:59', '2017-03-22 07:12:59'),
(277, 0, '2017中国', 1, '2017-03-22 07:20:59', '2017-03-22 07:20:59'),
(278, 0, '公牛王朝', 1, '2017-03-22 07:23:44', '2017-03-22 07:23:44'),
(279, 0, '天津乒乓球队', 1, '2017-03-22 07:29:51', '2017-03-22 07:29:51'),
(280, 0, '雷霆勇士', 1, '2017-03-22 07:35:21', '2017-03-22 07:35:21'),
(281, 0, '迈阿密大师', 1, '2017-03-22 07:35:41', '2017-03-22 07:35:41'),
(282, 0, '西汉姆联队', 1, '2017-03-22 07:38:03', '2017-03-22 07:38:03'),
(283, 0, '六方会谈', 1, '2017-03-22 07:47:53', '2017-03-22 07:47:53'),
(284, 0, '株洲', 1, '2017-03-22 07:49:01', '2017-03-22 07:49:01'),
(285, 0, '河北', 1, '2017-03-22 07:58:05', '2017-03-22 07:58:05'),
(286, 0, '保定', 1, '2017-03-22 07:58:05', '2017-03-22 07:58:05'),
(287, 0, '价格', 1, '2017-03-22 07:58:05', '2017-03-22 07:58:05'),
(288, 0, '樟吉高速', 1, '2017-03-22 07:59:27', '2017-03-22 07:59:27'),
(289, 0, '世界气象日', 4, '2017-03-22 08:11:19', '2017-03-23 13:36:28'),
(290, 0, '南昌警事', 1, '2017-03-22 08:16:21', '2017-03-22 08:16:21'),
(291, 0, '主标：太方便！', 1, '2017-03-22 08:24:52', '2017-03-22 08:24:52'),
(292, 0, '洪都大道', 3, '2017-03-22 08:28:56', '2017-03-23 15:34:53'),
(293, 0, '降温3℃', 2, '2017-03-22 08:33:24', '2017-03-22 08:34:43'),
(294, 0, '南昌机场', 1, '2017-03-22 08:44:52', '2017-03-22 08:44:52'),
(295, 0, '请拨打12331举报', 1, '2017-03-22 08:51:04', '2017-03-22 08:51:04'),
(296, 0, '好消息', 1, '2017-03-22 08:52:01', '2017-03-22 08:52:01'),
(297, 0, '今年3月', 1, '2017-03-22 08:53:01', '2017-03-22 08:53:01'),
(298, 0, '任天堂', 1, '2017-03-22 08:54:55', '2017-03-22 08:54:55'),
(299, 0, '库里17+9', 1, '2017-03-22 08:55:53', '2017-03-22 08:55:53'),
(300, 0, '三都县', 1, '2017-03-22 08:58:27', '2017-03-22 08:58:27'),
(301, 0, '开报废车上', 1, '2017-03-22 08:59:51', '2017-03-22 08:59:51'),
(302, 0, '苹果春季新品', 1, '2017-03-22 09:02:01', '2017-03-22 09:02:01'),
(303, 0, '矿泉水', 1, '2017-03-22 09:03:53', '2017-03-22 09:03:53'),
(304, 0, '有细节才更高级', 1, '2017-03-22 09:04:34', '2017-03-22 09:04:34'),
(305, 0, '遂宁', 1, '2017-03-22 09:05:38', '2017-03-22 09:05:38'),
(306, 0, '持菲律宾护照', 1, '2017-03-22 09:06:16', '2017-03-22 09:06:16'),
(307, 0, '婴幼儿辅助食品', 1, '2017-03-22 09:07:04', '2017-03-22 09:07:04'),
(308, 0, '孙怡时尚', 1, '2017-03-22 09:08:24', '2017-03-22 09:08:24'),
(309, 0, '雷霆勇', 1, '2017-03-22 09:10:01', '2017-03-22 09:10:01'),
(310, 0, '厦门铁路', 1, '2017-03-22 09:10:54', '2017-03-22 09:10:54'),
(311, 0, '南昌国际马拉松', 1, '2017-03-22 09:11:32', '2017-03-22 09:11:32'),
(312, 0, '英国颁布电子设备', 1, '2017-03-22 09:12:18', '2017-03-22 09:12:18'),
(313, 0, '虚假网播量产业', 1, '2017-03-22 09:14:10', '2017-03-22 09:14:10'),
(314, 0, '江西省前两月', 1, '2017-03-22 09:15:11', '2017-03-22 09:15:11'),
(315, 0, '南昌启用全国', 2, '2017-03-22 09:18:54', '2017-03-24 03:49:41'),
(316, 0, '南昌一小孩贪玩', 1, '2017-03-22 09:21:37', '2017-03-22 09:21:37'),
(317, 0, '河北保定楼', 1, '2017-03-22 09:22:57', '2017-03-22 09:22:57'),
(318, 0, '国安演练阵容', 1, '2017-03-22 09:24:23', '2017-03-22 09:24:23'),
(319, 0, '谷歌', 1, '2017-03-22 09:26:56', '2017-03-22 09:26:56'),
(320, 0, '临空经济区', 1, '2017-03-22 09:29:49', '2017-03-22 09:29:49'),
(321, 0, '近四分之一日本人', 1, '2017-03-22 09:31:17', '2017-03-22 09:31:17'),
(322, 0, '南昌至北京', 1, '2017-03-22 09:33:19', '2017-03-22 09:33:19'),
(323, 0, '10万辆共享单车', 1, '2017-03-22 09:35:12', '2017-03-22 09:35:12'),
(324, 0, '美国', 1, '2017-03-22 09:36:20', '2017-03-22 09:36:20'),
(325, 0, '学费有代偿', 1, '2017-03-22 09:37:27', '2017-03-22 09:37:27'),
(326, 0, '2017年江西', 1, '2017-03-22 09:39:18', '2017-03-22 09:39:18'),
(327, 0, '新闻', 1, '2017-03-22 13:07:32', '2017-03-22 13:07:32'),
(328, 0, '生态', 1, '2017-03-22 13:07:32', '2017-03-22 13:07:32'),
(329, 0, '绿色', 1, '2017-03-22 13:07:32', '2017-03-22 13:07:32'),
(330, 0, '小平', 1, '2017-03-22 13:13:52', '2017-03-22 13:13:52'),
(331, 0, '陈云', 1, '2017-03-22 13:13:52', '2017-03-22 13:13:52'),
(332, 0, '专家', 1, '2017-03-22 13:13:52', '2017-03-22 13:13:52'),
(333, 0, '政协', 1, '2017-03-22 13:15:14', '2017-03-22 13:15:14'),
(334, 0, '四套班子', 1, '2017-03-22 13:22:08', '2017-03-22 13:22:08'),
(335, 0, '鹿心社', 6, '2017-03-22 13:33:44', '2017-03-22 13:49:15'),
(336, 0, '特工组', 7, '2017-03-22 13:35:28', '2017-03-23 02:04:09'),
(337, 0, '汽车站', 7, '2017-03-22 13:35:28', '2017-03-23 02:04:09'),
(338, 0, '市长热线', 6, '2017-03-22 13:41:21', '2017-03-23 02:03:10'),
(339, 0, '违建', 6, '2017-03-22 13:41:21', '2017-03-23 02:03:10'),
(340, 0, '毒瘤', 6, '2017-03-22 13:41:21', '2017-03-23 02:03:10'),
(341, 0, '工业', 1, '2017-03-23 00:59:45', '2017-03-23 00:59:45'),
(342, 0, '产业', 1, '2017-03-23 00:59:45', '2017-03-23 00:59:45'),
(343, 0, '我国北方', 1, '2017-03-23 01:43:23', '2017-03-23 01:43:23'),
(344, 0, '厨余垃圾', 1, '2017-03-23 01:46:23', '2017-03-23 01:46:23'),
(345, 0, '票价有涨有降', 1, '2017-03-23 01:49:33', '2017-03-23 01:49:33'),
(346, 0, '十万人上了失信“黑名单”', 1, '2017-03-23 01:52:09', '2017-03-23 01:52:09'),
(347, 0, '社会工作', 1, '2017-03-23 01:54:34', '2017-03-23 01:54:34'),
(348, 0, '日系夏普手机回归中国市场', 1, '2017-03-23 01:57:25', '2017-03-23 01:57:25'),
(349, 0, '奥迪中国', 1, '2017-03-23 02:00:08', '2017-03-23 02:00:08'),
(350, 0, '市、区联合', 1, '2017-03-23 02:03:44', '2017-03-23 02:03:44'),
(351, 0, '华为苏宁', 1, '2017-03-23 02:12:27', '2017-03-23 02:12:27'),
(352, 0, '春季长高', 1, '2017-03-23 02:29:40', '2017-03-23 02:29:40'),
(353, 0, '清热祛湿', 1, '2017-03-23 02:31:30', '2017-03-23 02:31:30'),
(354, 0, '孕早期', 1, '2017-03-23 02:37:46', '2017-03-23 02:37:46'),
(355, 0, '美医学杂志', 1, '2017-03-23 02:48:58', '2017-03-23 02:48:58'),
(356, 0, '多囊女生', 1, '2017-03-23 02:51:11', '2017-03-23 02:51:11'),
(357, 0, '2017年广州体育', 1, '2017-03-23 03:00:45', '2017-03-23 03:00:45'),
(358, 0, '广州退运', 1, '2017-03-23 03:07:17', '2017-03-23 03:07:17'),
(359, 0, '吃饭光盘', 1, '2017-03-23 03:19:43', '2017-03-23 03:19:43'),
(360, 0, '“十二五”期间', 1, '2017-03-23 03:27:34', '2017-03-23 03:27:34'),
(361, 0, '发动机', 1, '2017-03-23 03:39:13', '2017-03-23 03:39:13'),
(362, 0, '没有下单', 1, '2017-03-23 05:25:17', '2017-03-23 05:25:17'),
(363, 0, '中国好人', 1, '2017-03-23 05:27:36', '2017-03-23 05:27:36'),
(364, 0, '社保', 1, '2017-03-23 05:29:57', '2017-03-23 05:29:57'),
(365, 0, '居民厨房起火', 1, '2017-03-23 05:34:26', '2017-03-23 05:34:26'),
(366, 0, '追踪:盗窃男子获刑13年', 1, '2017-03-23 05:36:04', '2017-03-23 05:36:04'),
(367, 0, 'QQ诈骗', 1, '2017-03-23 05:38:12', '2017-03-23 05:38:12'),
(368, 0, '溪霞', 2, '2017-03-23 06:34:05', '2017-03-24 00:23:34'),
(369, 0, '的哥', 1, '2017-03-23 07:09:15', '2017-03-23 07:09:15'),
(370, 0, '私家车', 1, '2017-03-23 07:13:43', '2017-03-23 07:13:43'),
(371, 0, '消费', 1, '2017-03-23 07:15:13', '2017-03-23 07:15:13'),
(372, 0, '老人', 1, '2017-03-23 07:17:20', '2017-03-23 07:17:20'),
(373, 0, '庄稼', 1, '2017-03-23 07:18:36', '2017-03-23 07:18:36'),
(374, 0, '身负“重任', 1, '2017-03-23 07:30:38', '2017-03-23 07:30:38'),
(375, 0, 'C罗', 2, '2017-03-23 07:34:00', '2017-03-24 00:25:08'),
(376, 0, '哈佛', 1, '2017-03-23 07:39:32', '2017-03-23 07:39:32'),
(377, 0, '金属氢', 1, '2017-03-23 07:39:32', '2017-03-23 07:39:32'),
(378, 0, '停水停电', 1, '2017-03-23 07:44:06', '2017-03-23 07:44:06'),
(379, 0, '火星', 1, '2017-03-23 07:45:25', '2017-03-23 07:45:25'),
(380, 0, '消防', 1, '2017-03-23 08:03:48', '2017-03-23 08:03:48'),
(381, 0, '农商', 1, '2017-03-23 11:57:48', '2017-03-23 11:57:48'),
(382, 0, '热心助人', 1, '2017-03-23 12:07:20', '2017-03-23 12:07:20'),
(383, 0, '辣婆子', 1, '2017-03-23 12:09:00', '2017-03-23 12:09:00'),
(384, 0, '最美保安', 1, '2017-03-23 12:11:07', '2017-03-23 12:11:07'),
(385, 0, '沉默的婚姻', 5, '2017-03-23 12:13:42', '2017-03-23 12:19:30'),
(386, 0, '酒店床单未更换', 1, '2017-03-23 12:26:46', '2017-03-23 12:26:46'),
(387, 0, '视而不见', 1, '2017-03-23 12:32:56', '2017-03-23 12:32:56'),
(388, 0, '安全存隐患', 1, '2017-03-23 12:34:10', '2017-03-23 12:34:10'),
(389, 0, '“临川四梦”', 1, '2017-03-23 12:39:06', '2017-03-23 12:39:06'),
(390, 0, '魏国刚', 1, '2017-03-23 13:35:31', '2017-03-23 13:35:31'),
(391, 0, '梅湖景区', 1, '2017-03-23 13:37:40', '2017-03-23 13:37:40'),
(392, 0, '走进花博园', 1, '2017-03-23 13:39:22', '2017-03-23 13:39:22'),
(393, 0, '军乐节', 1, '2017-03-23 13:43:12', '2017-03-23 13:43:12'),
(394, 0, '江铃新能源', 1, '2017-03-23 13:45:08', '2017-03-23 13:45:08'),
(395, 0, '国足', 1, '2017-03-23 13:45:37', '2017-03-23 13:45:37'),
(396, 0, '韩国', 1, '2017-03-23 13:45:37', '2017-03-23 13:45:37'),
(397, 0, '现代农业', 1, '2017-03-23 13:47:07', '2017-03-23 13:47:07'),
(398, 0, '南昌市组织', 1, '2017-03-23 13:49:38', '2017-03-23 13:49:38'),
(399, 0, '2017年全市文化', 1, '2017-03-23 13:51:24', '2017-03-23 13:51:24'),
(400, 0, '环境综合整治', 1, '2017-03-23 13:52:29', '2017-03-23 13:52:29'),
(401, 0, '乱象调查', 1, '2017-03-23 15:03:57', '2017-03-23 15:03:57'),
(402, 0, '回归拆解', 2, '2017-03-23 15:06:33', '2017-03-23 15:12:09'),
(403, 0, '报废汽车', 1, '2017-03-23 15:11:07', '2017-03-23 15:11:07'),
(404, 0, '折断的反光镜', 1, '2017-03-23 15:13:14', '2017-03-23 15:13:14'),
(405, 0, '藏在山庄', 1, '2017-03-23 15:14:57', '2017-03-23 15:14:57'),
(406, 0, '久违的笑容', 2, '2017-03-23 15:17:51', '2017-03-23 15:19:01'),
(407, 0, '吸钱“陷阱', 1, '2017-03-23 15:23:23', '2017-03-23 15:23:23'),
(408, 0, '二维码暗藏', 1, '2017-03-23 15:24:31', '2017-03-23 15:24:31'),
(409, 0, '黑磷', 1, '2017-03-24 00:17:50', '2017-03-24 00:17:50'),
(410, 0, '赴台', 1, '2017-03-24 00:28:40', '2017-03-24 00:28:40'),
(411, 0, '断崖', 1, '2017-03-24 00:28:40', '2017-03-24 00:28:40'),
(412, 0, '比萨斜塔', 1, '2017-03-24 00:31:05', '2017-03-24 00:31:05'),
(413, 0, '建筑', 1, '2017-03-24 00:31:05', '2017-03-24 00:31:05'),
(414, 0, '西湖区', 1, '2017-03-24 00:33:57', '2017-03-24 00:33:57'),
(415, 0, '公租房', 1, '2017-03-24 00:33:57', '2017-03-24 00:33:57'),
(416, 0, '秘鲁', 1, '2017-03-24 00:43:04', '2017-03-24 00:43:04'),
(417, 0, '海昏侯', 1, '2017-03-24 00:55:11', '2017-03-24 00:55:11'),
(418, 0, '调控', 1, '2017-03-24 00:58:04', '2017-03-24 00:58:04'),
(419, 0, '楼市', 1, '2017-03-24 00:58:04', '2017-03-24 00:58:04'),
(420, 0, '英国', 1, '2017-03-24 01:06:04', '2017-03-24 01:06:04'),
(421, 0, '伦敦', 1, '2017-03-24 01:06:04', '2017-03-24 01:06:04'),
(422, 0, '油画', 1, '2017-03-24 01:17:04', '2017-03-24 01:17:04'),
(423, 0, '罂粟', 1, '2017-03-24 01:56:04', '2017-03-24 01:56:04'),
(424, 0, '兄弟', 1, '2017-03-24 02:05:43', '2017-03-24 02:05:43'),
(425, 0, '基因', 1, '2017-03-24 02:22:19', '2017-03-24 02:22:19'),
(426, 0, '陷阱', 1, '2017-03-24 02:22:19', '2017-03-24 02:22:19'),
(427, 0, '申城', 1, '2017-03-24 02:44:56', '2017-03-24 02:44:56'),
(428, 0, '时装周', 1, '2017-03-24 02:48:49', '2017-03-24 02:48:49'),
(429, 0, '郭培', 1, '2017-03-24 02:48:49', '2017-03-24 02:48:49'),
(430, 0, '共享', 1, '2017-03-24 02:50:59', '2017-03-24 02:50:59'),
(431, 0, '校园', 1, '2017-03-24 02:56:46', '2017-03-24 02:56:46'),
(432, 0, '食品', 1, '2017-03-24 02:56:46', '2017-03-24 02:56:46'),
(433, 0, '发型设计', 1, '2017-03-24 02:57:15', '2017-03-24 02:57:15'),
(434, 0, '巴塞尔', 1, '2017-03-24 03:03:16', '2017-03-24 03:03:16'),
(435, 0, '奇虎360', 1, '2017-03-24 03:03:18', '2017-03-24 03:03:18'),
(436, 0, '春季', 1, '2017-03-24 03:07:13', '2017-03-24 03:07:13'),
(437, 0, '范冰冰', 1, '2017-03-24 03:19:35', '2017-03-24 03:19:35'),
(438, 0, '琼瑶', 1, '2017-03-24 03:36:46', '2017-03-24 03:36:46'),
(439, 0, '小偷', 1, '2017-03-24 04:05:23', '2017-03-24 04:05:23'),
(440, 0, '杀害', 1, '2017-03-24 04:05:23', '2017-03-24 04:05:23'),
(441, 0, '床头', 1, '2017-03-24 04:30:38', '2017-03-24 04:30:38'),
(442, 0, '刘涛', 1, '2017-03-24 04:35:30', '2017-03-24 04:35:30'),
(443, 0, '春暖花开', 1, '2017-03-24 04:47:39', '2017-03-24 04:47:39'),
(444, 0, '小盆景', 1, '2017-03-24 04:47:39', '2017-03-24 04:47:39'),
(445, 0, '四川', 1, '2017-03-24 05:09:30', '2017-03-24 05:09:30'),
(446, 0, '网瘾', 1, '2017-03-24 05:09:30', '2017-03-24 05:09:30'),
(447, 0, '张旭豪', 1, '2017-03-24 05:45:37', '2017-03-24 05:45:37'),
(448, 0, '饿了么', 1, '2017-03-24 05:45:37', '2017-03-24 05:45:37'),
(449, 0, '戚薇', 1, '2017-03-24 05:59:22', '2017-03-24 05:59:22'),
(450, 0, '山药', 1, '2017-03-24 06:05:13', '2017-03-24 06:05:13'),
(451, 0, '桐庐', 1, '2017-03-24 06:14:03', '2017-03-24 06:14:03'),
(452, 0, '森林', 1, '2017-03-24 06:14:03', '2017-03-24 06:14:03'),
(453, 0, '校园贷', 1, '2017-03-24 07:22:19', '2017-03-24 07:22:19'),
(454, 0, '万能险', 1, '2017-03-24 07:30:03', '2017-03-24 07:30:03'),
(455, 0, '工商局', 1, '2017-03-24 08:28:07', '2017-03-24 08:28:07'),
(456, 0, '联合抽查', 1, '2017-03-24 08:28:07', '2017-03-24 08:28:07'),
(457, 0, '中文', 4, '2017-03-27 02:09:57', '2017-03-27 02:16:53'),
(458, 0, '第二关键字', 2, '2017-03-27 02:09:57', '2017-03-27 02:13:19'),
(459, 0, '第二', 1, '2017-03-27 02:15:34', '2017-03-27 02:15:34'),
(460, 0, 'ABCD', 1, '2017-03-27 02:17:26', '2017-03-27 02:17:26'),
(461, 0, 'EFGG', 1, '2017-03-27 02:17:26', '2017-03-27 02:17:26'),
(462, 0, 'A1', 1, '2017-03-27 02:19:21', '2017-03-27 02:19:21'),
(463, 0, 'A2', 1, '2017-03-27 02:19:25', '2017-03-27 02:19:25'),
(464, 0, 'B1', 1, '2017-03-27 02:20:20', '2017-03-27 02:20:20'),
(465, 0, 'B2', 1, '2017-03-27 02:20:23', '2017-03-27 02:20:23');

-- --------------------------------------------------------

--
-- 表的结构 `cms_members`
--

CREATE TABLE `cms_members` (
  `id` int(10) UNSIGNED NOT NULL,
  `name` varchar(50) COLLATE utf8_unicode_ci NOT NULL COMMENT '名称',
  `password` varchar(32) COLLATE utf8_unicode_ci NOT NULL DEFAULT '' COMMENT '密码',
  `nick_name` varchar(255) COLLATE utf8_unicode_ci NOT NULL COMMENT '昵称',
  `mobile` varchar(20) COLLATE utf8_unicode_ci NOT NULL COMMENT '手机号',
  `avatar_url` text COLLATE utf8_unicode_ci NOT NULL COMMENT '头像URL',
  `salt` varchar(6) COLLATE utf8_unicode_ci NOT NULL DEFAULT '' COMMENT '随机',
  `points` int(10) UNSIGNED NOT NULL DEFAULT '0' COMMENT '积分',
  `ip` char(15) COLLATE utf8_unicode_ci NOT NULL COMMENT 'IP',
  `token` text COLLATE utf8_unicode_ci NOT NULL,
  `type` tinyint(1) NOT NULL COMMENT '会员类型(1:普通会员,2:专家)',
  `source` varchar(20) COLLATE utf8_unicode_ci NOT NULL DEFAULT '' COMMENT '注册来源',
  `uid` int(11) UNSIGNED NOT NULL COMMENT 'UID',
  `vip_start` timestamp NOT NULL DEFAULT '0000-00-00 00:00:00' COMMENT 'VIP开始时间',
  `vip_end` timestamp NOT NULL DEFAULT '0000-00-00 00:00:00' COMMENT 'VIP结束时间',
  `state` tinyint(1) NOT NULL COMMENT '状态',
  `signed_at` timestamp NULL DEFAULT NULL,
  `created_at` timestamp NULL DEFAULT NULL,
  `updated_at` timestamp NULL DEFAULT NULL
) ENGINE=MyISAM DEFAULT CHARSET=utf8 COLLATE=utf8_unicode_ci;

--
-- 转存表中的数据 `cms_members`
--

INSERT INTO `cms_members` (`id`, `name`, `password`, `nick_name`, `mobile`, `avatar_url`, `salt`, `points`, `ip`, `token`, `type`, `source`, `uid`, `vip_start`, `vip_end`, `state`, `signed_at`, `created_at`, `updated_at`) VALUES
(1, 'admin', '535fc84d4d8eebbacdf9f04022254261', '管理员', '', '/images/avatar_admin.png', 'e2d129', 0, '', '', 1, '', 16409, '0000-00-00 00:00:00', '0000-00-00 00:00:00', 1, NULL, NULL, NULL),
(2, '13971036591', '3e87e436502c84205a7712cbd632e689', '阿蒙', '13971036591', 'https://cms.foschool.cn/uploads/avatars/2016/1220/20161220110924386.png', '20aeeb', 738, '124.126.170.19', 'eyJ0eXAiOiJKV1QiLCJhbGciOiJIUzI1NiJ9.eyJzdWIiOjIsImlzcyI6Imh0dHA6XC9cL3pzbmMubmN0di5uZXQuY25cL2FwaVwvbWVtYmVyc1wvbG9naW4iLCJpYXQiOjE0OTAzNDM3NDQsImV4cCI6MTgwNTcwMzc0NCwibmJmIjoxNDkwMzQzNzQ0LCJqdGkiOiIzNDRjZWQyNTRlYjJlZDEyMzhkYjY2NDQ2MWNiNGVkZiJ9.l9vFuKKRZjvqUjH0SZytzrgTLJEJH493WB1j78wEW-8', 2, '', 20934, '2016-12-19 16:00:00', '2020-03-19 16:00:00', 1, '2016-10-09 08:49:19', '2016-08-30 07:27:57', '2017-03-24 08:22:24'),
(3, '13720187713', '', '13720187713', '13720187713', 'http://zsnc.nctv.net.cn/images/avatar_default.png', '', 0, '10.8.10.1', 'eyJ0eXAiOiJKV1QiLCJhbGciOiJIUzI1NiJ9.eyJzdWIiOjMsImlzcyI6Imh0dHA6XC9cL3pzbmMubmN0di5uZXQuY25cL2FwaVwvbWVtYmVyc1wvbG9naW4iLCJpYXQiOjE0ODgzNjYwOTEsImV4cCI6MTgwMzcyNjA5MSwibmJmIjoxNDg4MzY2MDkxLCJqdGkiOiI4YjY1ZTAxMmM2NTk2YjliNDU0YWI3YzhlZjAxZTUzMiJ9.oiPjjigCJtPL1_rUaM3YIMtiGafWeFd8TBG9xTE6ZuM', 1, '', 0, '0000-00-00 00:00:00', '0000-00-00 00:00:00', 1, NULL, '2017-02-24 03:33:24', '2017-03-01 11:01:31'),
(4, '13469996922', '', '13469996922', '13469996922', 'http://zsnc.nctv.net.cn/images/avatar_default.png', '', 0, '220.249.69.53', 'eyJ0eXAiOiJKV1QiLCJhbGciOiJIUzI1NiJ9.eyJzdWIiOjQsImlzcyI6Imh0dHA6XC9cL3pzbmMubmN0di5uZXQuY25cL2FwaVwvbWVtYmVyc1wvbG9naW4iLCJpYXQiOjE0ODk4NDYyMTIsImV4cCI6MTgwNTIwNjIxMiwibmJmIjoxNDg5ODQ2MjEyLCJqdGkiOiJmNjZlY2Q0MTQ5ZTZkZDE4NWMwMjkyYTQ4MGQ4MmMzMCJ9.iw_DZ4Vt-J09ElrYGffVrNUdG3-ugI550101tcMvDH4', 1, '', 0, '0000-00-00 00:00:00', '0000-00-00 00:00:00', 1, NULL, '2017-02-24 03:42:44', '2017-03-18 14:10:12'),
(6, '13910832802', '', '13910832802', '13910832802', 'http://zsnc.nctv.net.cn/images/avatar_default.png', '', 0, '10.8.10.1', 'eyJ0eXAiOiJKV1QiLCJhbGciOiJIUzI1NiJ9.eyJzdWIiOjYsImlzcyI6Imh0dHA6XC9cL3pzbmMubmN0di5uZXQuY25cL2FwaVwvbWVtYmVyc1wvbG9naW4iLCJpYXQiOjE0ODgzNjU3OTksImV4cCI6MTgwMzcyNTc5OSwibmJmIjoxNDg4MzY1Nzk5LCJqdGkiOiJmZDJkYWQ2ZTFjYjc3OTMzMjRkY2Y5NGQ0YzU5NWVjNSJ9.YTHnpAqKtRNWkNGJpYtoOaWwJ5MoY-sqRI642ek9etM', 1, '', 0, '0000-00-00 00:00:00', '0000-00-00 00:00:00', 1, NULL, '2017-03-01 10:56:39', '2017-03-01 10:56:39'),
(5, '18627867633', '', '18627867633', '18627867633', 'http://zsnc.nctv.net.cn/images/avatar_default.png', '', 0, '221.234.141.96', 'eyJ0eXAiOiJKV1QiLCJhbGciOiJIUzI1NiJ9.eyJzdWIiOjUsImlzcyI6Imh0dHA6XC9cL3pzbmMubmN0di5uZXQuY25cL2FwaVwvbWVtYmVyc1wvbG9naW4iLCJpYXQiOjE0ODk5MDY0MDMsImV4cCI6MTgwNTI2NjQwMywibmJmIjoxNDg5OTA2NDAzLCJqdGkiOiI3MmIwNDkyODVjMjU1ZDgwZDkzNGNmNTA5ODQ3MWFjNiJ9.17yPNxLtm4V-sdJTPApixQ99SsqxaCJ7uhLUq_rZSiU', 1, '', 0, '0000-00-00 00:00:00', '0000-00-00 00:00:00', 1, NULL, '2017-02-24 09:06:56', '2017-03-19 06:53:23'),
(7, '18217364561', '', '18217364561', '18217364561', 'http://zsnc.nctv.net.cn/images/avatar_default.png', '', 0, '124.126.170.19', 'eyJ0eXAiOiJKV1QiLCJhbGciOiJIUzI1NiJ9.eyJzdWIiOjcsImlzcyI6Imh0dHA6XC9cL3pzbmMubmN0di5uZXQuY25cL2FwaVwvbWVtYmVyc1wvbG9naW4iLCJpYXQiOjE0OTAxNzc1NDQsImV4cCI6MTgwNTUzNzU0NCwibmJmIjoxNDkwMTc3NTQ0LCJqdGkiOiI2NDZiMjdmZTdiZWVlN2I0ZWZlNTY1ZmZkYTk2MzkxYyJ9.JDhl21aBZ-vGG8MOwHC8kIZzti9xOYTD92fixrsHgKo', 1, '', 0, '0000-00-00 00:00:00', '0000-00-00 00:00:00', 1, NULL, '2017-03-01 11:00:27', '2017-03-22 10:12:24'),
(8, '18079108859', '', '18079108859', '18079108859', 'http://zsnc.nctv.net.cn/images/avatar_default.png', '', 0, '59.52.188.101', 'eyJ0eXAiOiJKV1QiLCJhbGciOiJIUzI1NiJ9.eyJzdWIiOjgsImlzcyI6Imh0dHA6XC9cL3pzbmMubmN0di5uZXQuY25cL2FwaVwvbWVtYmVyc1wvbG9naW4iLCJpYXQiOjE0OTAwNzQ3MDAsImV4cCI6MTgwNTQzNDcwMCwibmJmIjoxNDkwMDc0NzAwLCJqdGkiOiJkNmNlNjAzYTkwZWY0MjMxNWNiYjg0MWEwODBhZDViOSJ9.h1c30H76aQucgHX1bkm0prkUyGpvmUBewSXAnT-loCA', 1, '', 0, '0000-00-00 00:00:00', '0000-00-00 00:00:00', 1, NULL, '2017-03-01 11:44:13', '2017-03-21 05:38:20'),
(9, '602B9E993BA710B8B72EE38FBEBF08D4', '', '大笨蛋De小笨蛋', '', 'https://q.qlogo.cn/qqapp/1105940094/602B9E993BA710B8B72EE38FBEBF08D4/100', '', 0, '221.234.141.96', 'eyJ0eXAiOiJKV1QiLCJhbGciOiJIUzI1NiJ9.eyJzdWIiOjksImlzcyI6Imh0dHA6XC9cL3pzbmMubmN0di5uZXQuY25cL2FwaVwvbWVtYmVyc1wvZXhsb2dpbiIsImlhdCI6MTQ4OTkwNjI4OSwiZXhwIjoxODA1MjY2Mjg5LCJuYmYiOjE0ODk5MDYyODksImp0aSI6ImRmZTZlZGE3Y2U5MDMyOGZmMDEwMjkwNzMyMzAwMWQ3In0.8dW3e814ahJAIO0qMedrREGrFONi0M9m-8DrwHJXXFY', 1, 'qq', 0, '0000-00-00 00:00:00', '0000-00-00 00:00:00', 1, NULL, '2017-03-02 04:17:19', '2017-03-19 06:51:29'),
(10, 'ozuTBvylfRRlTyj2g-ND4-p5qPSI', '', '向蕾', '', 'https://wx.qlogo.cn/mmopen/yCyMT3JxwA07Dfgbrwz7XSrm7s6J2KAiaIUkxVZlOibAWFl38Ufu12j7DapZQDZTlc8kjKIz003YnagI38icZydfYZfUxNjB2Lf/0', '', 0, '10.8.10.1', 'eyJ0eXAiOiJKV1QiLCJhbGciOiJIUzI1NiJ9.eyJzdWIiOjEwLCJpc3MiOiJodHRwOlwvXC96c25jLm5jdHYubmV0LmNuXC9hcGlcL21lbWJlcnNcL2V4bG9naW4iLCJpYXQiOjE0ODg0MzIxMjEsImV4cCI6MTgwMzc5MjEyMSwibmJmIjoxNDg4NDMyMTIxLCJqdGkiOiJmMjJiOGZiM2IxNWM1Y2IwOGIyNDE2M2M4ZWExYmVhZCJ9.4k0sWGBAKT0o2omv6XGwvctM_Y4yJxXPNWycx9h_Rmk', 1, 'wx', 0, '0000-00-00 00:00:00', '0000-00-00 00:00:00', 1, NULL, '2017-03-02 04:22:08', '2017-03-02 05:22:01'),
(11, '63F19843ECF46B39C1F6B27C70270641', '', 'Mingoy', '', 'https://q.qlogo.cn/qqapp/1105940094/63F19843ECF46B39C1F6B27C70270641/100', '', 0, '10.8.10.1', 'eyJ0eXAiOiJKV1QiLCJhbGciOiJIUzI1NiJ9.eyJzdWIiOjExLCJpc3MiOiJodHRwOlwvXC96c25jLm5jdHYubmV0LmNuXC9hcGlcL21lbWJlcnNcL2V4bG9naW4iLCJpYXQiOjE0ODg0MzI0ODMsImV4cCI6MTgwMzc5MjQ4MywibmJmIjoxNDg4NDMyNDgzLCJqdGkiOiI0ZWNmNWFlNjA3OGVmOWM3ZWUxZDg3MTg2N2JjOGEyMCJ9.tmGfm8vvARUjgLFntxbPSUDC9zQLtE77xFrSOPZ0HIg', 1, 'qq', 0, '0000-00-00 00:00:00', '0000-00-00 00:00:00', 1, NULL, '2017-03-02 05:28:03', '2017-03-02 05:28:03'),
(12, 'ozuTBvw1SyRTZ5mQ4bEOx1Io8EO8', '', 'Mingoy', '', 'https://wx.qlogo.cn/mmopen/DWYKHkMcnlJBCmOIUs1ibicRnMAq6nHaaoOzspam4jEyoasDenicRldcYwjoxYOFYrlAs3IUQE4Hcpxu2ueXgSH4S4SicHw9v9Uf/0', '', 0, '10.8.10.1', 'eyJ0eXAiOiJKV1QiLCJhbGciOiJIUzI1NiJ9.eyJzdWIiOjEyLCJpc3MiOiJodHRwOlwvXC96c25jLm5jdHYubmV0LmNuXC9hcGlcL21lbWJlcnNcL2V4bG9naW4iLCJpYXQiOjE0ODg0MzUwNjgsImV4cCI6MTgwMzc5NTA2OCwibmJmIjoxNDg4NDM1MDY4LCJqdGkiOiJiYjBiMjI4Zjk3ZmFmYmRjZTg1OGE5NTIwMjQ4M2Y0YiJ9.x1wXrzkHqYVbmi0GsSWG-oQKLL59cJxrsF_ENFTF_8I', 1, 'wx', 0, '0000-00-00 00:00:00', '0000-00-00 00:00:00', 1, NULL, '2017-03-02 05:28:50', '2017-03-02 06:11:08'),
(13, '28E9E16ADAB0AAC748A0CE4945FA7588', '', '(null)', '', '(null)', '', 0, '10.8.10.1', 'eyJ0eXAiOiJKV1QiLCJhbGciOiJIUzI1NiJ9.eyJzdWIiOjEzLCJpc3MiOiJodHRwOlwvXC96c25jLm5jdHYubmV0LmNuXC9hcGlcL21lbWJlcnNcL2V4bG9naW4iLCJpYXQiOjE0ODg0MzgzMjUsImV4cCI6MTgwMzc5ODMyNSwibmJmIjoxNDg4NDM4MzI1LCJqdGkiOiI1MTY2N2E4MWQzNzhlMzkxYmY5ZDU1YzhmMmExMGNiMyJ9.LMc__A08CLNLYg8zmbHb758-cOcxL2oawocOii7qLNg', 1, 'qq', 0, '0000-00-00 00:00:00', '0000-00-00 00:00:00', 1, NULL, '2017-03-02 06:08:54', '2017-03-02 07:05:25'),
(14, 'FD846810E59D0D4CF1BF1F94FFBAE36E', '', '(null)', '', '(null)', '', 0, '10.8.10.1', 'eyJ0eXAiOiJKV1QiLCJhbGciOiJIUzI1NiJ9.eyJzdWIiOjE0LCJpc3MiOiJodHRwOlwvXC96c25jLm5jdHYubmV0LmNuXC9hcGlcL21lbWJlcnNcL2V4bG9naW4iLCJpYXQiOjE0ODg0MzcyNjgsImV4cCI6MTgwMzc5NzI2OCwibmJmIjoxNDg4NDM3MjY4LCJqdGkiOiJkOTc4MGM3NThjMTY5MzQ0ZTVkYmVhMDY5NjAzOTFiYiJ9.La-n_WFi32eWApIqbP-fTwOfXmsg-PrhEvIcPJ8kYjo', 1, 'qq', 0, '0000-00-00 00:00:00', '0000-00-00 00:00:00', 1, NULL, '2017-03-02 06:09:13', '2017-03-02 06:47:48'),
(15, 'ozuTBv5pxI1Dv4az7EBAnuTQcSTc', '', 'Lee.gen', '', 'https://wx.qlogo.cn/mmopen/yCyMT3JxwA3Gmxiag02GRyLnP5iaCsBicx3zxjgNah8NhQkUJn6IBicUGWianCyle1gWTW886SQ07s6M6p9EUOHRI7UcbEzHXNBRp/0', '', 0, '10.8.10.1', 'eyJ0eXAiOiJKV1QiLCJhbGciOiJIUzI1NiJ9.eyJzdWIiOjE1LCJpc3MiOiJodHRwOlwvXC96c25jLm5jdHYubmV0LmNuXC9hcGlcL21lbWJlcnNcL2V4bG9naW4iLCJpYXQiOjE0ODkwMjM0NTUsImV4cCI6MTgwNDM4MzQ1NSwibmJmIjoxNDg5MDIzNDU1LCJqdGkiOiI3ZGFhYTYwNWRmYzBiMjA2ZjY5YjU3YWEwZjc2NzUyMyJ9.g1AcvvjiKKnbkzZMwPYOas6splmuiR9YXVCubp3cTCs', 1, 'wx', 0, '0000-00-00 00:00:00', '0000-00-00 00:00:00', 1, NULL, '2017-03-02 06:08:58', '2017-03-09 01:37:35'),
(16, 'A855FDC9C7C7C22E873E4F5564A8EA05', '', '‭', '', 'https://q.qlogo.cn/qqapp/1105940094/A855FDC9C7C7C22E873E4F5564A8EA05/100', '', 0, '10.8.10.1', 'eyJ0eXAiOiJKV1QiLCJhbGciOiJIUzI1NiJ9.eyJzdWIiOjE2LCJpc3MiOiJodHRwOlwvXC96c25jLm5jdHYubmV0LmNuXC9hcGlcL21lbWJlcnNcL2V4bG9naW4iLCJpYXQiOjE0ODg1MDg1MTYsImV4cCI6MTgwMzg2ODUxNiwibmJmIjoxNDg4NTA4NTE2LCJqdGkiOiI5NTI4YzYyYjYwMjk4YmQ5OTUwODE0MTVlNDhjZjVmMCJ9.r07xmT1yb5SQ8pvYIxwy8W3Zt9M327ukiJEu7zI9GKE', 1, 'qq', 0, '0000-00-00 00:00:00', '0000-00-00 00:00:00', 1, NULL, '2017-03-02 06:09:15', '2017-03-03 02:35:16'),
(17, 'ozuTBv375DxfVFz9qRP815_xGhEc', '', 'dreamy', '', 'https://wx.qlogo.cn/mmopen/DWYKHkMcnlJBCmOIUs1ibicSiaPeBia8QGndLxFhOgCdCMCSng9SibTWxxdeYIzXbWCyWicI89CLBKCoOr9yWbu6enEnLV7rRQP7Ju/0', '', 0, '182.97.85.5', 'eyJ0eXAiOiJKV1QiLCJhbGciOiJIUzI1NiJ9.eyJzdWIiOjE3LCJpc3MiOiJodHRwOlwvXC96c25jLm5jdHYubmV0LmNuXC9hcGlcL21lbWJlcnNcL2V4bG9naW4iLCJpYXQiOjE0OTAxNzc1NjMsImV4cCI6MTgwNTUzNzU2MywibmJmIjoxNDkwMTc3NTYzLCJqdGkiOiJjZDA1OWVjNWU5ZTUzMGQxM2QyODkyNTY0ZmVjMDU0MiJ9.nPAk8DZzj8Ozu3hCN4ChIiAz57DzVBYvoWxwXMx_ECI', 1, 'wx', 0, '0000-00-00 00:00:00', '0000-00-00 00:00:00', 1, NULL, '2017-03-02 06:11:56', '2017-03-22 10:12:43'),
(18, '98B8CA3BDA37E29B754E1DA79DCB8EB4', '', 'mp3', '', 'https://q.qlogo.cn/qqapp/1105940094/98B8CA3BDA37E29B754E1DA79DCB8EB4/100', '', 0, '182.97.151.118', 'eyJ0eXAiOiJKV1QiLCJhbGciOiJIUzI1NiJ9.eyJzdWIiOjE4LCJpc3MiOiJodHRwOlwvXC96c25jLm5jdHYubmV0LmNuXC9hcGlcL21lbWJlcnNcL2V4bG9naW4iLCJpYXQiOjE0ODk5NzIzNTIsImV4cCI6MTgwNTMzMjM1MiwibmJmIjoxNDg5OTcyMzUyLCJqdGkiOiI5OWQ1MWNiNGEyYTM4ZmNiZWMzZTczYTc5YzU2OWE3YSJ9.YWkBmULi8jDCq99acaqKeesaa34Xj2HUQKtRyifsGNE', 1, 'qq', 0, '0000-00-00 00:00:00', '0000-00-00 00:00:00', 1, NULL, '2017-03-02 06:15:04', '2017-03-20 01:12:32'),
(19, 'DA47FE8D886E6D2446210F6C5131F520', '', '伴度。', '', 'https://q.qlogo.cn/qqapp/1105940094/DA47FE8D886E6D2446210F6C5131F520/100', '', 0, '10.8.10.1', 'eyJ0eXAiOiJKV1QiLCJhbGciOiJIUzI1NiJ9.eyJzdWIiOjE5LCJpc3MiOiJodHRwOlwvXC96c25jLm5jdHYubmV0LmNuXC9hcGlcL21lbWJlcnNcL2V4bG9naW4iLCJpYXQiOjE0ODg0MzY3NzMsImV4cCI6MTgwMzc5Njc3MywibmJmIjoxNDg4NDM2NzczLCJqdGkiOiI5MmY0ZmI4NGEyY2YxODlmOWUxMDhjMDM4NTBmMjI4YSJ9.Ilu5jxkbD18ZzdGvIHlZYPF9JRDwDA4ApjbbVaomq00', 1, 'qq', 0, '0000-00-00 00:00:00', '0000-00-00 00:00:00', 1, NULL, '2017-03-02 06:39:33', '2017-03-02 06:39:34'),
(20, 'wb2532075404', '', 'Fox_say_ding', '', 'https://tva2.sinaimg.cn/crop.0.0.720.720.50/96ec678cjw8eazv2zg14jj20k00k0whm.jpg', '', 0, '10.8.10.1', 'eyJ0eXAiOiJKV1QiLCJhbGciOiJIUzI1NiJ9.eyJzdWIiOjIwLCJpc3MiOiJodHRwOlwvXC96c25jLm5jdHYubmV0LmNuXC9hcGlcL21lbWJlcnNcL2V4bG9naW4iLCJpYXQiOjE0ODk1NTc5MDIsImV4cCI6MTgwNDkxNzkwMiwibmJmIjoxNDg5NTU3OTAyLCJqdGkiOiIxZjFkNjg0MjBhM2IyN2E1MzNmZDc2ODQ3YTQ2ZjNhYSJ9.TAbiEmBQYqj58e_Xtubg52VLBwB3bvTTKvOuVRMwIAw', 1, 'wb', 0, '0000-00-00 00:00:00', '0000-00-00 00:00:00', 1, NULL, '2017-03-02 07:54:31', '2017-03-15 06:05:02'),
(21, 'wb5619417693', '', '李根是个小婊砸', '', 'https://tva2.sinaimg.cn/crop.0.0.640.640.50/0068ivffjw8esjza4l8fij30hs0hsdgg.jpg', '', 0, '103.18.208.141', 'eyJ0eXAiOiJKV1QiLCJhbGciOiJIUzI1NiJ9.eyJzdWIiOjIxLCJpc3MiOiJodHRwOlwvXC96c25jLm5jdHYubmV0LmNuXC9hcGlcL21lbWJlcnNcL2V4bG9naW4iLCJpYXQiOjE0OTAzNDQwODEsImV4cCI6MTgwNTcwNDA4MSwibmJmIjoxNDkwMzQ0MDgxLCJqdGkiOiJmYzhlNmU5YTM0ZGRiZTdkNTFmNDA3NDA5YWU1YzgwZSJ9.1mo3rYLntK--xftDzbF6gg8Y_qy8n3n15O37IPyhTtw', 1, 'wb', 0, '0000-00-00 00:00:00', '0000-00-00 00:00:00', 1, NULL, '2017-03-02 09:52:26', '2017-03-24 08:28:01'),
(22, '18217364562', '', '18217364562', '18217364562', 'http://zsnc.nctv.net.cn/images/avatar_default.png', '', 0, '10.8.10.1', 'eyJ0eXAiOiJKV1QiLCJhbGciOiJIUzI1NiJ9.eyJzdWIiOjIyLCJpc3MiOiJodHRwOlwvXC96c25jLm5jdHYubmV0LmNuXC9hcGlcL21lbWJlcnNcL2xvZ2luIiwiaWF0IjoxNDg4NDUwNDk2LCJleHAiOjE4MDM4MTA0OTYsIm5iZiI6MTQ4ODQ1MDQ5NiwianRpIjoiMzk2MzljNjZlNmIyOGYyMGVlZmUwNWVjZjlmOTI0NmQifQ.Ar8TWX0GHHgBc4Vfss_6e2iEfualXDWEMW9YJ7FwYHI', 1, '', 0, '0000-00-00 00:00:00', '0000-00-00 00:00:00', 1, NULL, '2017-03-02 10:28:16', '2017-03-02 10:28:16'),
(23, 'wb1266451237', '', '路西法的移动城堡', '', 'https://tva4.sinaimg.cn/crop.0.0.750.750.50/4b7c8325jw8espo06g2ncj20ku0kuwfi.jpg', '', 0, '10.8.10.1', 'eyJ0eXAiOiJKV1QiLCJhbGciOiJIUzI1NiJ9.eyJzdWIiOjIzLCJpc3MiOiJodHRwOlwvXC96c25jLm5jdHYubmV0LmNuXC9hcGlcL21lbWJlcnNcL2V4bG9naW4iLCJpYXQiOjE0ODg1MDIwMTMsImV4cCI6MTgwMzg2MjAxMywibmJmIjoxNDg4NTAyMDEzLCJqdGkiOiJlZDM2ZmZjZDVlNzY4ZGY1NzM4MjgxMzkwY2UwMjMwZCJ9.IBGT8IUpKlf1VcZRhBjneRPCap7PRYfVJNrEXtQchtU', 1, 'wb', 0, '0000-00-00 00:00:00', '0000-00-00 00:00:00', 1, NULL, '2017-03-03 00:46:52', '2017-03-03 00:46:53'),
(24, 'ozuTBv3MEUqdui5pMqxoZos-1n8s', '', '阿蒙', '', 'https://wx.qlogo.cn/mmopen/DWYKHkMcnlLUMa13nxJKbF1Ss2HGJOmvn7E4bWCgXVB8fvAI8jN58OGCsAg29JI56JZ6h1XQicC2SRiaib1GCG8tRbHh4kAhN6r/0', '', 0, '124.126.171.169', 'eyJ0eXAiOiJKV1QiLCJhbGciOiJIUzI1NiJ9.eyJzdWIiOjI0LCJpc3MiOiJodHRwOlwvXC96c25jLm5jdHYubmV0LmNuXC9hcGlcL21lbWJlcnNcL2V4bG9naW4iLCJpYXQiOjE0ODk3MzA0ODMsImV4cCI6MTgwNTA5MDQ4MywibmJmIjoxNDg5NzMwNDgzLCJqdGkiOiI4ZGE0MTQ2ZGQ5MjQ0NDZjNjg3ODc3MjZjNDVkZDE4OSJ9.mZcTsviiEiTK2piV4J2uv4TDuOTe4sBxrYbsaDzT6dY', 1, 'wx', 0, '0000-00-00 00:00:00', '0000-00-00 00:00:00', 1, NULL, '2017-03-03 01:38:07', '2017-03-17 06:01:23'),
(25, 'o-nPWwxlRu1Qz8RvAB8QEyd9QtDQ', '', 'Lee.gen', '', 'https://wx.qlogo.cn/mmopen/yCyMT3JxwA3Gmxiag02GRyLnP5iaCsBicx3zxjgNah8NhQkUJn6IBicUGWianCyle1gWTW886SQ07s6M6p9EUOHRI7UcbEzHXNBRp/0', '', 0, '124.126.170.19', 'eyJ0eXAiOiJKV1QiLCJhbGciOiJIUzI1NiJ9.eyJzdWIiOjI1LCJpc3MiOiJodHRwOlwvXC96c25jLm5jdHYubmV0LmNuXC9hcGlcL21lbWJlcnNcL2V4bG9naW4iLCJpYXQiOjE0OTAxNzMyMDUsImV4cCI6MTgwNTUzMzIwNSwibmJmIjoxNDkwMTczMjA1LCJqdGkiOiJmMWY0Y2M2MDUxNmYyMTA1ZjE0YTlmZjE0YzY2NTM3MCJ9.2daVQMgVSWgyhv5Iua45TjGGDhGYlgThZWs0zSZT98I', 1, 'wx', 0, '0000-00-00 00:00:00', '0000-00-00 00:00:00', 1, NULL, '2017-03-03 01:43:08', '2017-03-22 09:00:05'),
(26, 'wb1418332780', '', '阿蒙的窝', '', 'https://tva1.sinaimg.cn/crop.0.0.180.180.50/548a0a6cjw1e8qgp5bmzyj2050050aa8.jpg', '', 0, '124.126.170.19', 'eyJ0eXAiOiJKV1QiLCJhbGciOiJIUzI1NiJ9.eyJzdWIiOjI2LCJpc3MiOiJodHRwOlwvXC96c25jLm5jdHYubmV0LmNuXC9hcGlcL21lbWJlcnNcL2V4bG9naW4iLCJpYXQiOjE0OTAzMjY2OTEsImV4cCI6MTgwNTY4NjY5MSwibmJmIjoxNDkwMzI2NjkxLCJqdGkiOiIxZmEyNTUzZjViODJlZDFkZDNjNDJkYTk2OWNiZjQwYiJ9.Qbtd6adDV37c-oPCwc-XonKc8Na3LsRRnEWyqlhuvbc', 1, 'wb', 0, '0000-00-00 00:00:00', '0000-00-00 00:00:00', 1, NULL, '2017-03-03 01:45:56', '2017-03-24 03:38:11'),
(27, 'wb6066044922', '', '用户6066044922', '', 'https://tvax3.sinaimg.cn/default/images/default_avatar_male_50.gif', '', 0, '10.8.10.1', 'eyJ0eXAiOiJKV1QiLCJhbGciOiJIUzI1NiJ9.eyJzdWIiOjI3LCJpc3MiOiJodHRwOlwvXC96c25jLm5jdHYubmV0LmNuXC9hcGlcL21lbWJlcnNcL2V4bG9naW4iLCJpYXQiOjE0ODg1MDg1OTQsImV4cCI6MTgwMzg2ODU5NCwibmJmIjoxNDg4NTA4NTk0LCJqdGkiOiJjZWVlY2ExN2YxMGU0NzQwNzNlYTIwZmQzZWY2MmVmNSJ9.SswgxK1i7LJFb4oENXAXNdwyPrEhLirKi-9yNSsiUWI', 1, 'wb', 0, '0000-00-00 00:00:00', '0000-00-00 00:00:00', 1, NULL, '2017-03-03 02:36:34', '2017-03-03 02:36:34'),
(28, 'o-nPWw5ePmemfXSL1zGtQq7gXW4s', '', '镊子', '', 'https://wx.qlogo.cn/mmopen/yCyMT3JxwA1dj3sbJnLAYdqCcfTErNRXTan0FVpzQCYnxrgX6cnuEIvYmrPiaFfUee3Y62spxF9xNtyTwMBWFiaJxPgVTlHiaFz/0', '', 0, '59.52.188.103', 'eyJ0eXAiOiJKV1QiLCJhbGciOiJIUzI1NiJ9.eyJzdWIiOjI4LCJpc3MiOiJodHRwOlwvXC96c25jLm5jdHYubmV0LmNuXC9hcGlcL21lbWJlcnNcL2V4bG9naW4iLCJpYXQiOjE0OTAwMDMyMzQsImV4cCI6MTgwNTM2MzIzNCwibmJmIjoxNDkwMDAzMjM0LCJqdGkiOiJlZjAwZTEyOTE5NDFjNmE2ZGQwOGE2NmYzYjdjODk5OCJ9.nHK9244e945DX6DWSiibJ77vWhst10ryyPVEkejtHKE', 1, 'wx', 0, '0000-00-00 00:00:00', '0000-00-00 00:00:00', 1, NULL, '2017-03-03 03:29:50', '2017-03-20 09:47:14'),
(29, 'o-nPWw3xW2EroQ57JXJGR5RPMG8A', '', 'dreamy', '', 'https://wx.qlogo.cn/mmopen/DWYKHkMcnlJBCmOIUs1ibicSiaPeBia8QGndLxFhOgCdCMCSng9SibTWxxdeYIzXbWCyWicI89CLBKCoOr9yWbu6enEnLV7rRQP7Ju/0', '', 0, '220.248.200.224', 'eyJ0eXAiOiJKV1QiLCJhbGciOiJIUzI1NiJ9.eyJzdWIiOjI5LCJpc3MiOiJodHRwOlwvXC96c25jLm5jdHYubmV0LmNuXC9hcGlcL21lbWJlcnNcL2V4bG9naW4iLCJpYXQiOjE0OTAxNjY5OTgsImV4cCI6MTgwNTUyNjk5OCwibmJmIjoxNDkwMTY2OTk4LCJqdGkiOiJkYzZlNzMzMGE4NTVhOWNhZGFkNTA0NmM2NzQwZjc1NCJ9.JqW1klJl1Wmwor00sm6TssaSCb3MFoyd0AxWFr2p_3c', 1, 'wx', 0, '0000-00-00 00:00:00', '0000-00-00 00:00:00', 1, NULL, '2017-03-03 04:52:14', '2017-03-22 07:16:38'),
(30, '15689372759', '', '15689372759', '15689372759', 'http://zsnc.nctv.net.cn/images/avatar_default.png', '', 0, '10.8.10.1', 'eyJ0eXAiOiJKV1QiLCJhbGciOiJIUzI1NiJ9.eyJzdWIiOjMwLCJpc3MiOiJodHRwOlwvXC96c25jLm5jdHYubmV0LmNuXC9hcGlcL21lbWJlcnNcL2xvZ2luIiwiaWF0IjoxNDg4NTI0NzEwLCJleHAiOjE4MDM4ODQ3MTAsIm5iZiI6MTQ4ODUyNDcxMCwianRpIjoiN2IzYTc0NjE1ODkyNmRhZGUzN2I5NDE5NzhmYTM5OTcifQ.S1DVHfQYvDmPUj_DeQJ8cPWIiAtqz6ZV5Sf7fl8RsSs', 1, '', 0, '0000-00-00 00:00:00', '0000-00-00 00:00:00', 1, NULL, '2017-03-03 07:05:10', '2017-03-03 07:05:10'),
(31, '18210405628', '', '18210405628', '18210405628', 'http://zsnc.nctv.net.cn/images/avatar_default.png', '', 0, '10.8.10.1', 'eyJ0eXAiOiJKV1QiLCJhbGciOiJIUzI1NiJ9.eyJzdWIiOjMxLCJpc3MiOiJodHRwOlwvXC96c25jLm5jdHYubmV0LmNuXC9hcGlcL21lbWJlcnNcL2xvZ2luIiwiaWF0IjoxNDg4NTMxODYwLCJleHAiOjE4MDM4OTE4NjAsIm5iZiI6MTQ4ODUzMTg2MCwianRpIjoiYzQ5N2VmMjUzZjQ3ZjUyNGFmNWQwMmVlNjlmMGRhNGIifQ.XwS0VsJxuF8uW7oYIHRUm1mpIVvMbtmcrF4hktd3Rgc', 1, '', 0, '0000-00-00 00:00:00', '0000-00-00 00:00:00', 1, NULL, '2017-03-03 09:04:20', '2017-03-03 09:04:20'),
(32, 'ozuTBv62h7HGY8kRK95e3wbJCdmw', '', '蒋', '', 'https://wx.qlogo.cn/mmopen/PiajxSqBRaELXgic9loxJgY0PYU7hZeaJ36NuGneg4xt7VxGvJJQ63pgGFibyyonwiaaM0PciaiaKGnwKuia0l0YfjsicA/0', '', 0, '10.8.10.1', 'eyJ0eXAiOiJKV1QiLCJhbGciOiJIUzI1NiJ9.eyJzdWIiOjMyLCJpc3MiOiJodHRwOlwvXC96c25jLm5jdHYubmV0LmNuXC9hcGlcL21lbWJlcnNcL2V4bG9naW4iLCJpYXQiOjE0ODg4NjA1NjYsImV4cCI6MTgwNDIyMDU2NiwibmJmIjoxNDg4ODYwNTY2LCJqdGkiOiI3YmViZDk3NzQzNTAxYmMwZWFhNjAyMDQxMmJkMmY0OSJ9.Zd4WKqGraAbXcmxKhuxRuzPtyUNmblt07ioAl-A3NIk', 1, 'wx', 0, '0000-00-00 00:00:00', '0000-00-00 00:00:00', 1, NULL, '2017-03-07 04:22:46', '2017-03-07 04:22:46'),
(33, 'FBD229A802ACD9BF91E8E3E07D9AC078', '', '我的收藏历史推送', '', 'https://q.qlogo.cn/qqapp/1105940094/FBD229A802ACD9BF91E8E3E07D9AC078/100', '', 0, '10.8.10.1', 'eyJ0eXAiOiJKV1QiLCJhbGciOiJIUzI1NiJ9.eyJzdWIiOjMzLCJpc3MiOiJodHRwOlwvXC96c25jLm5jdHYubmV0LmNuXC9hcGlcL21lbWJlcnNcL2V4bG9naW4iLCJpYXQiOjE0ODkwNDMxNzgsImV4cCI6MTgwNDQwMzE3OCwibmJmIjoxNDg5MDQzMTc4LCJqdGkiOiI0ODE4ODg4YjliNzFkODQ3MDU0NjgzMGVkY2FiMmZhYiJ9.DVW6zdZXStRgJERFDRmaa2IvFH8GRTHGX9DrZSKO678', 1, 'qq', 0, '0000-00-00 00:00:00', '0000-00-00 00:00:00', 1, NULL, '2017-03-09 07:06:18', '2017-03-09 07:06:18'),
(34, '491FD9634A1B0B94B42278236E1EA52A', '', '小笨蛋De大笨蛋', '', 'https://q.qlogo.cn/qqapp/1105940094/491FD9634A1B0B94B42278236E1EA52A/100', '', 0, '10.8.10.1', 'eyJ0eXAiOiJKV1QiLCJhbGciOiJIUzI1NiJ9.eyJzdWIiOjM0LCJpc3MiOiJodHRwOlwvXC96c25jLm5jdHYubmV0LmNuXC9hcGlcL21lbWJlcnNcL2V4bG9naW4iLCJpYXQiOjE0ODkzNzUyMzgsImV4cCI6MTgwNDczNTIzOCwibmJmIjoxNDg5Mzc1MjM4LCJqdGkiOiI4MmM2MGEzZWJmZDAxMjUyZGYwMDE4ZWY3ODI1ZWE1NyJ9.yF1wKvVHVdWQS9-EHS4BRp5vG0oQFGQ11D8gz2dODB8', 1, 'qq', 0, '0000-00-00 00:00:00', '0000-00-00 00:00:00', 1, NULL, '2017-03-13 03:20:30', '2017-03-13 03:20:38'),
(35, 'o-nPWw1uBM5lZhlIznhgRYIb5N0A', '', 'habbie', '', 'https://wx.qlogo.cn/mmopen/PiajxSqBRaEINicSxicD3ibygwvjYnOmn6tibYt3ha877GbCrqek9R4neTibHMXelkJ6SJDpRWGrNMmc7tniaJHv4rPZB0GYBQ0vX3liaqK4T80O9ias/0', '', 0, '10.8.10.1', 'eyJ0eXAiOiJKV1QiLCJhbGciOiJIUzI1NiJ9.eyJzdWIiOjM1LCJpc3MiOiJodHRwOlwvXC96c25jLm5jdHYubmV0LmNuXC9hcGlcL21lbWJlcnNcL2V4bG9naW4iLCJpYXQiOjE0ODk1NTk1NTIsImV4cCI6MTgwNDkxOTU1MiwibmJmIjoxNDg5NTU5NTUyLCJqdGkiOiI3ZGZkN2ViZGFkZmJhYTMxNzU0OTllZDBmZjMzMTg1MSJ9.FT1OrD50TMvMBAO7c7PqGgH0wyQKduOt8kThVrZf9BI', 1, 'wx', 0, '0000-00-00 00:00:00', '0000-00-00 00:00:00', 1, NULL, '2017-03-13 06:27:05', '2017-03-15 06:32:32'),
(36, 'o-nPWw36sC0VSGB2fYTZZJTaw0XE', '', '一泓清水', '', 'https://wx.qlogo.cn/mmopen/ajNVdqHZLLC2iaGDrAueI6VQ232ErWh6ESnvympQiaY8Qxw8MI7W49v6cdC8PDhw0myE2g2Y7lX70ic64ibgIYL1Wg/0', '', 0, '59.52.188.99', 'eyJ0eXAiOiJKV1QiLCJhbGciOiJIUzI1NiJ9.eyJzdWIiOjM2LCJpc3MiOiJodHRwOlwvXC96c25jLm5jdHYubmV0LmNuXC9hcGlcL21lbWJlcnNcL2V4bG9naW4iLCJpYXQiOjE0OTAwNjM1MDksImV4cCI6MTgwNTQyMzUwOSwibmJmIjoxNDkwMDYzNTA5LCJqdGkiOiI5Mzg3MDVlNzllNjBiMjViOGRmZjliMjE1MDYyZjk4ZCJ9.hsegQB9A1A2MvYzSOooNuVtrRen2CHGzl4I00wDUImk', 1, 'wx', 0, '0000-00-00 00:00:00', '0000-00-00 00:00:00', 1, NULL, '2017-03-16 03:34:32', '2017-03-21 02:31:49'),
(37, 'o-nPWw2DBGDKUVDkLfukD37jMGZM', '', '　', '', 'https://wx.qlogo.cn/mmopen/7G3icoq94UwsDl2JqMYUN3HJhFrz3vdCKSFibOUjpbMYtQPE1g9AdKF8xXUNhzRHzDIjpfG28r65Av8QuiakCN4owPBX0oGf8x0/0', '', 0, '59.52.188.103', 'eyJ0eXAiOiJKV1QiLCJhbGciOiJIUzI1NiJ9.eyJzdWIiOjM3LCJpc3MiOiJodHRwOlwvXC96c25jLm5jdHYubmV0LmNuXC9hcGlcL21lbWJlcnNcL2V4bG9naW4iLCJpYXQiOjE0OTAxNzQwNTksImV4cCI6MTgwNTUzNDA1OSwibmJmIjoxNDkwMTc0MDU5LCJqdGkiOiIzNTk3MGU2MWM3ZGU5MDU5M2QyMzIzMjgwYjA0YWJlZSJ9.N0LqgsQpTJCMx7VO1XCTnc44xR4GzIrs9YAsZdGHSyo', 1, 'wx', 0, '0000-00-00 00:00:00', '0000-00-00 00:00:00', 1, NULL, '2017-03-16 05:15:32', '2017-03-22 09:14:19'),
(38, '18607080850', '', '18607080850', '18607080850', 'http://zsnc.nctv.net.cn/images/avatar_default.png', '', 0, '10.8.10.1', 'eyJ0eXAiOiJKV1QiLCJhbGciOiJIUzI1NiJ9.eyJzdWIiOjM4LCJpc3MiOiJodHRwOlwvXC96c25jLm5jdHYubmV0LmNuXC9hcGlcL21lbWJlcnNcL2xvZ2luIiwiaWF0IjoxNDg5NjU5NTI3LCJleHAiOjE4MDUwMTk1MjcsIm5iZiI6MTQ4OTY1OTUyNywianRpIjoiNzAzMTk5Y2E3OWE2YmJjMzZkMWFjYjA4ZTdkZDQ4ZTQifQ.XbhQLUmQb2nJaRIiC0v6Qh3bRCM7LcTmHPOXU2Pu9E0', 1, '', 0, '0000-00-00 00:00:00', '0000-00-00 00:00:00', 1, NULL, '2017-03-16 10:18:47', '2017-03-16 10:18:47'),
(39, 'wb5714763812', '', '用户3703898707', '', 'https://tvax1.sinaimg.cn/default/images/default_avatar_male_180.gif', '', 0, '117.41.244.30', 'eyJ0eXAiOiJKV1QiLCJhbGciOiJIUzI1NiJ9.eyJzdWIiOjM5LCJpc3MiOiJodHRwOlwvXC96c25jLm5jdHYubmV0LmNuXC9hcGlcL21lbWJlcnNcL2V4bG9naW4iLCJpYXQiOjE0OTAwMDMzMDUsImV4cCI6MTgwNTM2MzMwNSwibmJmIjoxNDkwMDAzMzA1LCJqdGkiOiJlZTc1N2Q0ZmJkYmZmYTMxM2EyMTBlN2EyNGZjZTI1NCJ9.SnwVyCyTY4F_B_Qf_9OfRnsqNCTy8rQkBlORYqASNm8', 1, 'wb', 0, '0000-00-00 00:00:00', '0000-00-00 00:00:00', 1, NULL, '2017-03-17 03:42:38', '2017-03-20 09:48:25'),
(40, '8DA19082D0E7E21783059BD8BDE32BEB', '', '阿蒙', '', 'https://q.qlogo.cn/qqapp/1105940094/8DA19082D0E7E21783059BD8BDE32BEB/100', '', 0, '124.126.171.169', 'eyJ0eXAiOiJKV1QiLCJhbGciOiJIUzI1NiJ9.eyJzdWIiOjQwLCJpc3MiOiJodHRwOlwvXC96c25jLm5jdHYubmV0LmNuXC9hcGlcL21lbWJlcnNcL2V4bG9naW4iLCJpYXQiOjE0ODk3MzA0NDEsImV4cCI6MTgwNTA5MDQ0MSwibmJmIjoxNDg5NzMwNDQxLCJqdGkiOiIzYzg4YTg2NTJiNmY1NzNlNzQ5OTNiZDU1OWJlYmQ4NyJ9.2fB-SZNBvSUMzQN_IEMnEJX-87jhMqMJ08vEdaaWamc', 1, 'qq', 0, '0000-00-00 00:00:00', '0000-00-00 00:00:00', 1, NULL, '2017-03-17 06:00:41', '2017-03-17 06:00:41'),
(41, 'C12738EA06E7BF60B7C50C8975BCAB3E', '', '假装々狠坚强', '', 'https://q.qlogo.cn/qqapp/1105940094/C12738EA06E7BF60B7C50C8975BCAB3E/100', '', 0, '124.126.170.19', 'eyJ0eXAiOiJKV1QiLCJhbGciOiJIUzI1NiJ9.eyJzdWIiOjQxLCJpc3MiOiJodHRwOlwvXC96c25jLm5jdHYubmV0LmNuXC9hcGlcL21lbWJlcnNcL2V4bG9naW4iLCJpYXQiOjE0ODk5NzQxMzIsImV4cCI6MTgwNTMzNDEzMiwibmJmIjoxNDg5OTc0MTMyLCJqdGkiOiI0OGFjN2JiNWJkYjZjYWExZmMyZGY0YThhMDZkN2RlOSJ9.vFVVVlMM6WQvjZz8T7TciRv-zM6spzX0SAxqqhB1MX4', 1, 'qq', 0, '0000-00-00 00:00:00', '0000-00-00 00:00:00', 1, NULL, '2017-03-20 01:42:12', '2017-03-20 01:42:12'),
(42, ' wb1418332780', '', '阿蒙的窝', '', 'https://tvax1.sinaimg.cn/default/images/default_avatar_male_180.gif', '', 0, '58.216.106.162', 'eyJ0eXAiOiJKV1QiLCJhbGciOiJIUzI1NiJ9.eyJzdWIiOjQyLCJpc3MiOiJodHRwOlwvXC96c25jLm5jdHYubmV0LmNuXC9hcGlcL21lbWJlcnNcL2V4bG9naW4iLCJpYXQiOjE0ODk5NzgwMDMsImV4cCI6MTgwNTMzODAwMywibmJmIjoxNDg5OTc4MDAzLCJqdGkiOiIwM2VjZjZkYmNiZWU1Y2JlNjg3NGNjYmJmYTg3OGQ1MCJ9.ESZYMT4D5kC9WEQEJ6QWVr0B8iez8S0XQv5XS1Ju8Ic', 1, 'wb', 0, '0000-00-00 00:00:00', '0000-00-00 00:00:00', 1, NULL, '2017-03-20 02:46:42', '2017-03-20 02:46:43'),
(51, '1D25BBD7530D1706E6CF0CC6CF64BDAA', '', '@￥@￥@￥', '', 'https://q.qlogo.cn/qqapp/1101430600/1D25BBD7530D1706E6CF0CC6CF64BDAA/40', '', 0, '124.126.170.19', 'eyJ0eXAiOiJKV1QiLCJhbGciOiJIUzI1NiJ9.eyJzdWIiOjUxLCJpc3MiOiJodHRwOlwvXC96c25jLm5jdHYubmV0LmNuXC9hcGlcL21lbWJlcnNcL2V4bG9naW4iLCJpYXQiOjE0OTAwODg0MTYsImV4cCI6MTgwNTQ0ODQxNiwibmJmIjoxNDkwMDg4NDE2LCJqdGkiOiI5MmE1ODU5NTExYmM5NjY1OWNkNmUwMWUyMDljYWE5MyJ9.aDo5cwG6QPbgJu7p534vXA3DMh2P2Oe4E1gB8gxhdjM', 1, 'qq', 0, '0000-00-00 00:00:00', '0000-00-00 00:00:00', 1, NULL, '2017-03-21 09:26:56', '2017-03-21 09:26:56'),
(43, 'wb5391321591', '', '捏子eee', '', 'https://tva1.sinaimg.cn/crop.0.0.100.100.1024/005SRr1Rjw8enkzsw0dpwj302s02sa9x.jpg', '', 0, '180.101.217.31', 'eyJ0eXAiOiJKV1QiLCJhbGciOiJIUzI1NiJ9.eyJzdWIiOjQzLCJpc3MiOiJodHRwOlwvXC96c25jLm5jdHYubmV0LmNuXC9hcGlcL21lbWJlcnNcL2V4bG9naW4iLCJpYXQiOjE0OTAzMjc4NjgsImV4cCI6MTgwNTY4Nzg2OCwibmJmIjoxNDkwMzI3ODY4LCJqdGkiOiJmYjExZmFmNzAxYjdhM2IwZTFmYTE1MjgzNWU1YTdkYiJ9.0WmKOJyaSC8ND10Ltvw34IzcSQGqYM-fJY9xJdUTsT4', 1, 'wb', 0, '0000-00-00 00:00:00', '0000-00-00 00:00:00', 1, NULL, '2017-03-20 09:48:23', '2017-03-24 03:57:48'),
(44, 'E6CFE6DF56167B3BAAC2C63083D582EF', '', '海日残夜', '', 'https://q.qlogo.cn/qqapp/1101430600/E6CFE6DF56167B3BAAC2C63083D582EF/40', '', 0, '59.52.188.103', 'eyJ0eXAiOiJKV1QiLCJhbGciOiJIUzI1NiJ9.eyJzdWIiOjQ0LCJpc3MiOiJodHRwOlwvXC96c25jLm5jdHYubmV0LmNuXC9hcGlcL21lbWJlcnNcL2V4bG9naW4iLCJpYXQiOjE0OTAwMDMzMjEsImV4cCI6MTgwNTM2MzMyMSwibmJmIjoxNDkwMDAzMzIxLCJqdGkiOiJiZmVhNjhmNjUyZWVkZjg4MWNhNWViMGY2MTI4ZTQ5YyJ9.qDSf0Vl43KO_y9jvPaD7TulBabDtkMSiR1_e0E1X9CI', 1, 'qq', 0, '0000-00-00 00:00:00', '0000-00-00 00:00:00', 1, NULL, '2017-03-20 09:48:41', '2017-03-20 09:48:41'),
(45, '13667919872', '', '13667919872', '13667919872', 'http://zsnc.nctv.net.cn/images/avatar_default.png', '', 0, '59.52.188.103', 'eyJ0eXAiOiJKV1QiLCJhbGciOiJIUzI1NiJ9.eyJzdWIiOjQ1LCJpc3MiOiJodHRwOlwvXC96c25jLm5jdHYubmV0LmNuXC9hcGlcL21lbWJlcnNcL2xvZ2luIiwiaWF0IjoxNDkwMTY0ODg2LCJleHAiOjE4MDU1MjQ4ODYsIm5iZiI6MTQ5MDE2NDg4NiwianRpIjoiYzQ0ZDI1ZTc1MWY4MzE0NTU1NTVlYWY5YmEwNjJjYWEifQ.lWdl1XT118MD9AOi2GSDgARBchkzYGrCfSTaN7HZTDo', 1, '', 0, '0000-00-00 00:00:00', '0000-00-00 00:00:00', 1, NULL, '2017-03-20 10:05:53', '2017-03-22 06:41:26'),
(48, '15350006179', '', '15350006179', '15350006179', 'http://zsnc.nctv.net.cn/images/avatar_default.png', '', 0, '59.52.188.99', 'eyJ0eXAiOiJKV1QiLCJhbGciOiJIUzI1NiJ9.eyJzdWIiOjQ4LCJpc3MiOiJodHRwOlwvXC96c25jLm5jdHYubmV0LmNuXC9hcGlcL21lbWJlcnNcL2xvZ2luIiwiaWF0IjoxNDkwMDYzMzIxLCJleHAiOjE4MDU0MjMzMjEsIm5iZiI6MTQ5MDA2MzMyMSwianRpIjoiZjdjYzE4NDhkN2QxNTY5MDg0MTk2OWM5ZjVjMDcxZmYifQ.dnVMR1NRdM3YM8PklkwYIdEiBGXep1UR5IGH7RcBIyo', 1, '', 0, '0000-00-00 00:00:00', '0000-00-00 00:00:00', 1, NULL, '2017-03-21 02:08:39', '2017-03-21 02:28:41'),
(47, '18317917253', '', '18317917253', '18317917253', 'http://zsnc.nctv.net.cn/images/avatar_default.png', '', 0, '124.126.170.19', 'eyJ0eXAiOiJKV1QiLCJhbGciOiJIUzI1NiJ9.eyJzdWIiOjQ3LCJpc3MiOiJodHRwOlwvXC96c25jLm5jdHYubmV0LmNuXC9hcGlcL21lbWJlcnNcL2xvZ2luIiwiaWF0IjoxNDkwMDYyMTAxLCJleHAiOjE4MDU0MjIxMDEsIm5iZiI6MTQ5MDA2MjEwMSwianRpIjoiZjEyMzYxMWZjMmNiNzA2ZDE0ZjA2YmE5NzM3YzIxYzQifQ.2QcgIcjRxdLjy4HLUYDwm6KY00FyIESR2Xkn-wFUR-w', 1, '', 0, '0000-00-00 00:00:00', '0000-00-00 00:00:00', 1, NULL, '2017-03-21 02:06:14', '2017-03-21 02:08:21'),
(49, '15689436245', '', '15689436245', '15689436245', 'http://zsnc.nctv.net.cn/images/avatar_default.png', '', 0, '124.126.170.19', 'eyJ0eXAiOiJKV1QiLCJhbGciOiJIUzI1NiJ9.eyJzdWIiOjQ5LCJpc3MiOiJodHRwOlwvXC96c25jLm5jdHYubmV0LmNuXC9hcGlcL21lbWJlcnNcL2xvZ2luIiwiaWF0IjoxNDkwMDYyMjI4LCJleHAiOjE4MDU0MjIyMjgsIm5iZiI6MTQ5MDA2MjIyOCwianRpIjoiOGZkY2IxNjg0MDRkMDMxMWEzMTQ1Yzc4NjdjMmFlOTQifQ.4XXPnhKB0MgCcnps0F5yiHBXk5ALbPnJaOckW6pCIqw', 1, '', 0, '0000-00-00 00:00:00', '0000-00-00 00:00:00', 1, NULL, '2017-03-21 02:10:28', '2017-03-21 02:10:28'),
(50, 'o-nPWw5y-x9umqlzpweytr2I1XZE', '', 'lzm', '', 'https://wx.qlogo.cn/mmopen/7G3icoq94UwsDl2JqMYUN3Kfg6icPOazcJl0kp6o1jSWFzia65ptV0UVwVkkZ1dFkYaK8ib8s1vHLw5hibe10wflA6XdDic5vyUJjv/0', '', 0, '59.52.188.103', 'eyJ0eXAiOiJKV1QiLCJhbGciOiJIUzI1NiJ9.eyJzdWIiOjUwLCJpc3MiOiJodHRwOlwvXC96c25jLm5jdHYubmV0LmNuXC9hcGlcL21lbWJlcnNcL2V4bG9naW4iLCJpYXQiOjE0OTAwNjMwNjAsImV4cCI6MTgwNTQyMzA2MCwibmJmIjoxNDkwMDYzMDYwLCJqdGkiOiJlNjc4M2RjNGM0NWZmYjQ2Y2FhMDZmZmJlODdjYzZkZCJ9.bCVhOO4Lx9dPrtI4OllTiY2owLtCePnoKCjwdFYE0Yw', 1, 'wx', 0, '0000-00-00 00:00:00', '0000-00-00 00:00:00', 1, NULL, '2017-03-21 02:24:20', '2017-03-21 02:24:20'),
(52, 'B08839E8AFC4A6961D86C38F3FEE94D0', '', '假装々狠坚强', '', 'https://q.qlogo.cn/qqapp/1101430600/B08839E8AFC4A6961D86C38F3FEE94D0/40', '', 0, '124.126.170.19', 'eyJ0eXAiOiJKV1QiLCJhbGciOiJIUzI1NiJ9.eyJzdWIiOjUyLCJpc3MiOiJodHRwOlwvXC96c25jLm5jdHYubmV0LmNuXC9hcGlcL21lbWJlcnNcL2V4bG9naW4iLCJpYXQiOjE0OTAwODgzOTMsImV4cCI6MTgwNTQ0ODM5MywibmJmIjoxNDkwMDg4MzkzLCJqdGkiOiJkYzlkZTQ1MGUyZTUyZDBiYTAxMDRiMTFjYTdkMGMyNiJ9.rk9fjRgYXT6nocrsBrXFbAcx9GV8h4KJzXMtVfN9YJw', 1, 'qq', 0, '0000-00-00 00:00:00', '0000-00-00 00:00:00', 1, NULL, '2017-03-21 09:26:33', '2017-03-21 09:26:33'),
(53, '15970481979', '', '15970481979', '15970481979', 'http://zsnc.nctv.net.cn/images/avatar_default.png', '', 0, '59.52.188.103', 'eyJ0eXAiOiJKV1QiLCJhbGciOiJIUzI1NiJ9.eyJzdWIiOjUzLCJpc3MiOiJodHRwOlwvXC96c25jLm5jdHYubmV0LmNuXC9hcGlcL21lbWJlcnNcL2xvZ2luIiwiaWF0IjoxNDkwMTQ3MDc3LCJleHAiOjE4MDU1MDcwNzcsIm5iZiI6MTQ5MDE0NzA3NywianRpIjoiNWY0NjQ4NmUzMjhiNmZiZTEyMmM3ZGZiYWQ2MTk0NzUifQ.GrdUnPUOtFJj9816BzIbz17wygYeZqiaRJQFPXG9GV4', 1, '', 0, '0000-00-00 00:00:00', '0000-00-00 00:00:00', 1, NULL, '2017-03-22 01:44:37', '2017-03-22 01:44:37'),
(54, '075D3311BBDFD5AC675B210915E92B31', '', '‭', '', 'https://q.qlogo.cn/qqapp/1101430600/075D3311BBDFD5AC675B210915E92B31/40', '', 0, '124.126.170.19', 'eyJ0eXAiOiJKV1QiLCJhbGciOiJIUzI1NiJ9.eyJzdWIiOjU0LCJpc3MiOiJodHRwOlwvXC96c25jLm5jdHYubmV0LmNuXC9hcGlcL21lbWJlcnNcL2V4bG9naW4iLCJpYXQiOjE0OTAxNTU2MzUsImV4cCI6MTgwNTUxNTYzNSwibmJmIjoxNDkwMTU1NjM1LCJqdGkiOiIwNDU1ODQ0NjU0NjIzYTA0YTA4YmJkMjk2NzA2NmE1OSJ9.wrU-K-ptUwBYXUSVxaixAabZ0d3hT-gFtt1K3Q8wjGM', 1, 'qq', 0, '0000-00-00 00:00:00', '0000-00-00 00:00:00', 1, NULL, '2017-03-22 04:04:19', '2017-03-22 04:07:15'),
(55, '051FEFCF56721D8540377791C56B5D13', '', '　', '', 'https://q.qlogo.cn/qqapp/1101430600/051FEFCF56721D8540377791C56B5D13/40', '', 0, '59.52.188.103', 'eyJ0eXAiOiJKV1QiLCJhbGciOiJIUzI1NiJ9.eyJzdWIiOjU1LCJpc3MiOiJodHRwOlwvXC96c25jLm5jdHYubmV0LmNuXC9hcGlcL21lbWJlcnNcL2V4bG9naW4iLCJpYXQiOjE0OTAxNjM4OTEsImV4cCI6MTgwNTUyMzg5MSwibmJmIjoxNDkwMTYzODkxLCJqdGkiOiIxYTRkOGEyMTU0YTRiN2E4YzM2ZDI5ZGI3MzFkMDRiNSJ9.Fzkqm830OfIiTm03a-UoWNIsRb_KLAaUQveSgHIyaH0', 1, 'qq', 0, '0000-00-00 00:00:00', '0000-00-00 00:00:00', 1, NULL, '2017-03-22 06:24:51', '2017-03-22 06:24:51'),
(56, 'wb5815672195', '', '阿拉斯加-火山', '', 'https://tva3.sinaimg.cn/crop.347.5.676.676.1024/006lzY0rjw8f62hhhwo0pj30sg0iy7a9.jpg', '', 0, '127.0.0.1', 'eyJ0eXAiOiJKV1QiLCJhbGciOiJIUzI1NiJ9.eyJzdWIiOjU2LCJpc3MiOiJodHRwOlwvXC96c25jLmRldlwvYXBpXC9tZW1iZXJzXC9leGxvZ2luIiwiaWF0IjoxNDkwMzQ2OTU0LCJleHAiOjE4MDU3MDY5NTQsIm5iZiI6MTQ5MDM0Njk1NCwianRpIjoiYTdkMDVkMDM2YjdjNDIzMGU4MTg1NTZiNWFlMzBmM2EifQ.9WfMlzwAA1EWVGdufVTBktgSeSjEqJMBs5McSp29nic', 1, 'wb', 0, '0000-00-00 00:00:00', '0000-00-00 00:00:00', 1, NULL, '2017-03-23 07:05:17', '2017-03-24 09:15:54'),
(57, '13607063021', '', '13607063021', '13607063021', 'http://zsnc.nctv.net.cn/images/avatar_default.png', '', 0, '59.52.188.102', 'eyJ0eXAiOiJKV1QiLCJhbGciOiJIUzI1NiJ9.eyJzdWIiOjU3LCJpc3MiOiJodHRwOlwvXC96c25jLm5jdHYubmV0LmNuXC9hcGlcL21lbWJlcnNcL2xvZ2luIiwiaWF0IjoxNDkwMjU1MTI5LCJleHAiOjE4MDU2MTUxMjksIm5iZiI6MTQ5MDI1NTEyOSwianRpIjoiZDFiNTNkYTU2MzM2OTNjYzA2MmQ3MjFkNjcxNmE3YjgifQ.KqVK9g84aeZ2gAJgV8K6Rw0EGpaBU_vrZ_Z5JTTdlhQ', 1, '', 0, '0000-00-00 00:00:00', '0000-00-00 00:00:00', 1, NULL, '2017-03-23 07:45:29', '2017-03-23 07:45:29'),
(58, 'o-nPWw72BEtNjYPNCc49v-VvYGk8', '', 'Jack', '', 'https://wx.qlogo.cn/mmopen/yCyMT3JxwA3Gmxiag02GRyL73dvylre5OfEkdHRA8WfeWLyVGM3R8DOUGrQvBEnNiaJb1QFvBrJDqAZ1fhqJCrDaAUDbibj3HOC/0', '', 0, '124.126.170.19', 'eyJ0eXAiOiJKV1QiLCJhbGciOiJIUzI1NiJ9.eyJzdWIiOjU4LCJpc3MiOiJodHRwOlwvXC96c25jLm5jdHYubmV0LmNuXC9hcGlcL21lbWJlcnNcL2V4bG9naW4iLCJpYXQiOjE0OTAzNDE3OTcsImV4cCI6MTgwNTcwMTc5NywibmJmIjoxNDkwMzQxNzk3LCJqdGkiOiI4YWMwYjJjYmJjOGM1ZDhlNmI3MDJiYTRlYWNhZThjMyJ9.S-e4G6xtT6Uuqs1xuLwPACkkdDhWJYiLVY2ojW11QNE', 1, 'wx', 0, '0000-00-00 00:00:00', '0000-00-00 00:00:00', 1, NULL, '2017-03-24 07:42:57', '2017-03-24 07:49:57'),
(59, ' wb5619417693', '', '李根是个小婊砸', '', 'https://tva2.sinaimg.cn/crop.0.0.640.640.50/0068ivffjw8esjza4l8fij30hs0hsdgg.jpg', '', 0, '180.101.217.31', 'eyJ0eXAiOiJKV1QiLCJhbGciOiJIUzI1NiJ9.eyJzdWIiOjU5LCJpc3MiOiJodHRwOlwvXC96c25jLm5jdHYubmV0LmNuXC9hcGlcL21lbWJlcnNcL2V4bG9naW4iLCJpYXQiOjE0OTAzNDIyOTgsImV4cCI6MTgwNTcwMjI5OCwibmJmIjoxNDkwMzQyMjk4LCJqdGkiOiI1NjhkMDJjYzMyM2IxYTdhM2NiMjQ2YmE4YjI0M2Y4NyJ9.-l--BEaSyUAkljk6TqkEP1CJ8W3QxILf4bUw158EFM0', 1, 'wb', 0, '0000-00-00 00:00:00', '0000-00-00 00:00:00', 1, NULL, '2017-03-24 07:58:17', '2017-03-24 07:58:18');

-- --------------------------------------------------------

--
-- 表的结构 `cms_menus`
--

CREATE TABLE `cms_menus` (
  `id` int(10) UNSIGNED NOT NULL,
  `site_id` int(10) UNSIGNED NOT NULL COMMENT '站点ID',
  `parent_id` int(10) UNSIGNED NOT NULL COMMENT '上级ID',
  `name` varchar(40) COLLATE utf8_unicode_ci NOT NULL DEFAULT '' COMMENT '英文名称',
  `url` varchar(255) COLLATE utf8_unicode_ci NOT NULL DEFAULT '' COMMENT '中文名称',
  `icon` varchar(40) COLLATE utf8_unicode_ci NOT NULL DEFAULT '' COMMENT '图标',
  `sort` int(10) UNSIGNED NOT NULL COMMENT '序号',
  `created_at` timestamp NULL DEFAULT NULL,
  `updated_at` timestamp NULL DEFAULT NULL
) ENGINE=InnoDB DEFAULT CHARSET=utf8 COLLATE=utf8_unicode_ci;

-- --------------------------------------------------------

--
-- 表的结构 `cms_messages`
--

CREATE TABLE `cms_messages` (
  `id` int(10) UNSIGNED NOT NULL,
  `site_id` int(10) UNSIGNED NOT NULL COMMENT '站点id',
  `type` tinyint(1) NOT NULL COMMENT '类型',
  `title` varchar(255) NOT NULL,
  `content` text NOT NULL COMMENT '内容',
  `member_id` int(10) NOT NULL COMMENT '会员ID',
  `state` tinyint(1) NOT NULL COMMENT '状态',
  `created_at` timestamp NULL DEFAULT NULL,
  `updated_at` timestamp NULL DEFAULT NULL
) ENGINE=MyISAM DEFAULT CHARSET=utf8;

-- --------------------------------------------------------

--
-- 表的结构 `cms_migrations`
--

CREATE TABLE `cms_migrations` (
  `migration` varchar(255) COLLATE utf8_unicode_ci NOT NULL,
  `batch` int(11) NOT NULL
) ENGINE=MyISAM DEFAULT CHARSET=utf8 COLLATE=utf8_unicode_ci;

--
-- 转存表中的数据 `cms_migrations`
--

INSERT INTO `cms_migrations` (`migration`, `batch`) VALUES
('2014_10_12_000000_create_users_table', 1),
('2014_10_12_100000_create_password_resets_table', 1),
('2016_04_21_005313_create_activities_table', 1),
('2016_04_21_011025_create_plans_table', 1),
('2016_04_21_011813_create_awards_table', 1),
('2016_04_21_012319_create_tickets_table', 1),
('2016_04_21_012630_create_merchants_table', 1),
('2016_04_21_012908_create_point_detail_table', 1),
('2016_04_21_014423_create_point_total_table', 1),
('2016_04_21_020328_create_dictionaries_table', 1),
('2016_04_21_020504_create_options_table', 1),
('2016_05_17_162431_create_videos_table', 1),
('2016_05_18_110716_create_channels_table', 1),
('2016_06_21_152100_create_roles_table', 2),
('2016_06_21_152700_create_functions_table', 3),
('2016_06_21_153500_create_role_privs_table', 4);

-- --------------------------------------------------------

--
-- 表的结构 `cms_modules`
--

CREATE TABLE `cms_modules` (
  `id` int(10) UNSIGNED NOT NULL,
  `name` varchar(40) COLLATE utf8_unicode_ci NOT NULL DEFAULT '' COMMENT '英文名称',
  `title` varchar(20) COLLATE utf8_unicode_ci NOT NULL DEFAULT '' COMMENT '中文名称',
  `table_name` varchar(11) COLLATE utf8_unicode_ci DEFAULT NULL COMMENT '表名',
  `groups` text CHARACTER SET utf8 NOT NULL COMMENT '分组',
  `is_lock` tinyint(1) UNSIGNED NOT NULL COMMENT '是否锁定',
  `icon` varchar(40) COLLATE utf8_unicode_ci NOT NULL DEFAULT '' COMMENT '图标',
  `state` tinyint(1) UNSIGNED NOT NULL COMMENT '状态',
  `created_at` timestamp NULL DEFAULT NULL,
  `updated_at` timestamp NULL DEFAULT NULL
) ENGINE=InnoDB DEFAULT CHARSET=utf8 COLLATE=utf8_unicode_ci;

--
-- 转存表中的数据 `cms_modules`
--

INSERT INTO `cms_modules` (`id`, `name`, `title`, `table_name`, `groups`, `is_lock`, `icon`, `state`, `created_at`, `updated_at`) VALUES
(1, 'Article', '文章', 'articles', '基本信息,正文,图片集,视频集', 1, '', 1, NULL, '2017-08-14 09:17:15'),
(2, 'News', '新闻', 'news', '基本信息,正文,图片集', 0, '', 1, NULL, '2017-08-14 09:23:34'),
(3, 'Video', '视频', 'videos', '基本信息,正文,视频集', 0, '', 1, '2017-08-07 07:56:02', '2017-08-10 02:06:50'),
(4, 'Audio', '音频', 'audios', '', 0, '', 1, '2017-08-07 08:06:11', '2017-08-11 07:14:40');

-- --------------------------------------------------------

--
-- 表的结构 `cms_module_fields`
--

CREATE TABLE `cms_module_fields` (
  `id` int(10) UNSIGNED NOT NULL,
  `module_id` int(10) UNSIGNED NOT NULL COMMENT '模型ID',
  `name` varchar(40) COLLATE utf8_unicode_ci NOT NULL DEFAULT '' COMMENT '英文名称',
  `title` varchar(40) COLLATE utf8_unicode_ci NOT NULL DEFAULT '' COMMENT '中文名称',
  `label` varchar(40) COLLATE utf8_unicode_ci NOT NULL DEFAULT '' COMMENT '标签名称',
  `type` tinyint(1) NOT NULL COMMENT '类型',
  `default` varchar(40) COLLATE utf8_unicode_ci NOT NULL DEFAULT '' COMMENT '默认值',
  `required` tinyint(1) NOT NULL COMMENT '是否必填',
  `unique` tinyint(1) NOT NULL COMMENT '是否唯一',
  `min_length` int(10) UNSIGNED NOT NULL COMMENT '最小长度',
  `max_length` int(11) DEFAULT NULL,
  `system` tinyint(1) NOT NULL COMMENT '系统',
  `index` int(10) UNSIGNED NOT NULL COMMENT '序号',
  `column_show` tinyint(1) NOT NULL COMMENT '列是否显示',
  `column_editable` tinyint(1) NOT NULL COMMENT '列是否可编辑',
  `column_align` tinyint(1) NOT NULL COMMENT '列对齐方式',
  `column_width` int(10) UNSIGNED NOT NULL COMMENT '列宽度',
  `column_formatter` varchar(40) COLLATE utf8_unicode_ci NOT NULL DEFAULT '' COMMENT '列格式',
  `column_index` int(10) UNSIGNED NOT NULL COMMENT '列序号',
  `editor_show` tinyint(1) NOT NULL COMMENT '编辑器是否显示',
  `editor_readonly` tinyint(11) NOT NULL COMMENT '编辑器是否只读',
  `editor_type` tinyint(1) NOT NULL COMMENT '编辑器类型',
  `editor_options` varchar(255) COLLATE utf8_unicode_ci NOT NULL DEFAULT '' COMMENT '编辑器选项',
  `editor_rows` int(10) UNSIGNED NOT NULL COMMENT '编辑器行数',
  `editor_columns` int(10) UNSIGNED NOT NULL COMMENT '编辑器列数',
  `editor_group` varchar(40) COLLATE utf8_unicode_ci NOT NULL COMMENT '编辑器分组',
  `editor_index` int(10) UNSIGNED NOT NULL COMMENT '编辑器序号',
  `created_at` timestamp NULL DEFAULT NULL,
  `updated_at` timestamp NULL DEFAULT NULL
) ENGINE=MyISAM DEFAULT CHARSET=utf8 COLLATE=utf8_unicode_ci;

--
-- 转存表中的数据 `cms_module_fields`
--

INSERT INTO `cms_module_fields` (`id`, `module_id`, `name`, `title`, `label`, `type`, `default`, `required`, `unique`, `min_length`, `max_length`, `system`, `index`, `column_show`, `column_editable`, `column_align`, `column_width`, `column_formatter`, `column_index`, `editor_show`, `editor_readonly`, `editor_type`, `editor_options`, `editor_rows`, `editor_columns`, `editor_group`, `editor_index`, `created_at`, `updated_at`) VALUES
(1, 1, 'id', 'ID', 'ID', 3, '', 0, 0, 0, NULL, 1, 0, 1, 0, 1, 30, '', 0, 0, 0, 0, '', 0, 0, '', 0, '2017-06-20 16:00:00', '2017-08-10 08:21:51'),
(2, 1, 'site_id', '站点ID', '站点', 3, '', 0, 0, 0, NULL, 1, 1, 0, 0, 0, 0, '', 0, 0, 0, 0, '', 0, 0, '', 0, '2017-06-20 16:00:00', '2017-08-10 08:20:53'),
(3, 1, 'category_id', '栏目ID', '栏目', 3, '', 0, 0, 0, NULL, 0, 0, 0, 0, 0, 0, '', 0, 0, 0, 0, '', 0, 0, '', 0, '2017-06-20 16:00:00', '2017-06-20 16:00:00'),
(4, 1, 'type', '类型', '类型', 3, '', 0, 0, 0, NULL, 0, 0, 0, 0, 0, 0, '', 0, 0, 0, 3, '小图,多图,大图', 1, 5, '基本信息', 0, '2017-06-20 16:00:00', '2017-08-10 04:03:57'),
(5, 1, 'title', '标题', '标题', 1, '', 1, 0, 0, NULL, 0, 0, 1, 0, 1, 300, '', 2, 1, 0, 1, '', 1, 11, '基本信息', 1, '2017-06-20 16:00:00', '2017-08-10 08:22:27'),
(6, 1, 'summary', '摘要', '摘要', 1, '', 0, 0, 0, NULL, 0, 0, 0, 0, 0, 0, '', 0, 1, 0, 2, '', 4, 11, '基本信息', 2, '2017-06-20 16:00:00', '2017-06-20 16:00:00'),
(7, 1, 'image_url', '缩略图', '缩略图', 8, '', 0, 0, 0, NULL, 0, 0, 0, 0, 0, 0, '', 0, 1, 0, 8, '', 1, 11, '基本信息', 3, '2017-06-20 16:00:00', '2017-06-20 16:00:00'),
(8, 1, 'content', '正文', '正文', 6, '', 0, 0, 0, NULL, 0, 0, 0, 0, 0, 0, '', 0, 1, 0, 6, '', 40, 12, '正文', 0, '2017-06-20 16:00:00', '2017-06-20 16:00:00'),
(9, 1, 'top', '是否置顶', '是否置顶', 3, '0', 0, 0, 0, NULL, 0, 0, 0, 0, 0, 0, '', 0, 0, 0, 0, '', 0, 0, '', 0, '2017-06-20 16:00:00', '2017-06-20 16:00:00'),
(10, 1, 'published_at', '发布时间', '发布时间', 5, '', 0, 0, 0, NULL, 0, 0, 1, 0, 2, 120, '', 3, 0, 0, 0, '', 0, 0, '', 0, '2017-06-20 16:00:00', '2017-06-20 16:00:00'),
(11, 1, 'images', '图片集', '图片集', 11, '', 0, 0, 0, NULL, 0, 0, 0, 0, 0, 0, '', 0, 1, 0, 11, '', 1, 11, '图片集', 0, '2017-06-20 16:00:00', '2017-06-20 16:00:00'),
(12, 1, 'videos', '视频', '视频', 13, '', 0, 0, 0, NULL, 0, 0, 0, 0, 0, 0, '', 0, 1, 0, 13, '', 1, 11, '视频集', 0, '2017-06-20 16:00:00', '2017-06-20 16:00:00'),
(13, 1, 'member_id', '会员ID', '会员', 7, '', 0, 0, 0, NULL, 0, 0, 0, 0, 0, 0, '', 0, 0, 0, 0, '', 0, 0, '', 0, '2017-06-20 16:00:00', '2017-06-20 16:00:00'),
(14, 1, 'user_id', '用户ID', '操作员', 7, '', 0, 0, 0, NULL, 0, 0, 1, 0, 2, 45, '', 4, 0, 0, 0, '', 0, 0, '', 0, '2017-06-20 16:00:00', '2017-08-10 06:04:29'),
(15, 1, 'sort', '序号', '序号', 3, '0', 0, 0, 0, NULL, 0, 0, 0, 0, 0, 0, '', 0, 0, 0, 0, '', 0, 0, '', 0, '2017-06-20 16:00:00', '2017-06-20 16:00:00'),
(16, 1, 'state', '状态', '状态', 3, '1', 0, 0, 0, NULL, 0, 0, 1, 0, 2, 45, 'stateFormatter', 5, 0, 0, 0, '', 0, 0, '', 0, '2017-06-20 16:00:00', '2017-08-10 06:04:38'),
(17, 1, 'created_at', '创建时间', '创建时间', 5, '', 0, 0, 0, NULL, 1, 0, 0, 0, 0, 0, '', 0, 0, 0, 0, '', 0, 0, '', 0, '2017-06-20 16:00:00', '2017-06-20 16:00:00'),
(18, 1, 'updated_at', '修改时间', '修改时间', 5, '', 0, 0, 0, NULL, 1, 0, 0, 0, 0, 0, '', 0, 0, 0, 0, '', 0, 0, '', 0, '2017-06-20 16:00:00', '2017-06-20 16:00:00'),
(19, 1, 'deleted_at', '删除时间', '删除时间', 5, '', 0, 0, 0, NULL, 1, 0, 0, 0, 0, 0, '', 0, 0, 0, 0, '', 0, 0, '', 0, '2017-06-20 16:00:00', '2017-06-20 16:00:00'),
(20, 2, 'id', 'ID', 'ID', 3, '', 0, 0, 0, NULL, 1, 0, 1, 0, 1, 30, '', 0, 0, 0, 0, '', 0, 0, '', 0, '2017-08-08 08:52:58', '2017-08-14 06:43:42'),
(22, 2, 'site_id', '站点ID', '站点', 3, '', 0, 0, 0, NULL, 1, 0, 0, 0, 0, 0, '', 0, 0, 0, 0, '', 0, 0, '', 0, '2017-08-09 02:41:19', '2017-08-09 02:41:19'),
(24, 2, 'title', '标题', '标题', 1, '', 1, 0, 0, NULL, 0, 0, 1, 0, 1, 300, 'titleFormatter', 0, 1, 0, 1, '', 1, 11, '基本信息', 0, '2017-08-09 08:03:24', '2017-08-14 04:15:17'),
(25, 2, 'subtitle', '副标题', '副标题', 1, '', 0, 0, 0, NULL, 0, 0, 0, 0, 0, 0, '', 0, 1, 0, 1, '', 1, 11, '基本信息', 0, '2017-08-09 08:03:44', '2017-08-14 04:16:12'),
(26, 2, 'author', '作者', '作者', 1, '', 0, 0, 0, NULL, 0, 0, 0, 0, 0, 0, '', 0, 1, 0, 1, '', 1, 5, '基本信息', 0, '2017-08-09 08:04:05', '2017-08-14 04:16:39'),
(27, 2, 'source', '来源', '来源', 1, '', 0, 0, 0, NULL, 0, 0, 0, 0, 0, 0, '', 0, 1, 0, 1, '', 1, 5, '基本信息', 0, '2017-08-09 08:04:18', '2017-08-14 04:18:02'),
(28, 2, 'tags', '标签', '标签', 1, '', 0, 0, 0, NULL, 0, 0, 0, 0, 0, 0, '', 0, 1, 0, 1, '', 1, 5, '基本信息', 0, '2017-08-09 08:15:04', '2017-08-14 04:18:24'),
(29, 2, 'keywords', '关键字', '关键字', 1, '', 0, 0, 0, NULL, 0, 0, 0, 0, 0, 0, '', 0, 1, 0, 1, '', 1, 5, '基本信息', 0, '2017-08-09 08:15:15', '2017-08-14 04:18:34'),
(30, 2, 'summary', '摘要', '摘要', 1, '', 0, 0, 0, NULL, 0, 0, 0, 0, 0, 0, '', 0, 1, 0, 2, '', 3, 11, '基本信息', 0, '2017-08-09 08:15:27', '2017-08-14 04:21:09'),
(31, 2, 'image_url', '图片地址', '图片地址', 8, '', 0, 0, 0, NULL, 0, 0, 0, 0, 0, 0, '', 0, 1, 0, 8, '', 1, 11, '基本信息', 0, '2017-08-09 08:15:45', '2017-08-14 04:24:35'),
(32, 2, 'images', '图集', '图集', 11, '', 0, 0, 0, NULL, 0, 0, 0, 0, 0, 0, '', 0, 1, 0, 11, '', 1, 11, '图片集', 0, '2017-08-09 08:16:02', '2017-08-14 04:25:18'),
(33, 2, 'video_url', '视频地址', '视频地址', 10, '', 0, 0, 0, NULL, 0, 0, 0, 0, 0, 0, '', 0, 1, 0, 10, '', 1, 11, '基本信息', 0, '2017-08-09 08:16:15', '2017-08-14 04:25:42'),
(34, 2, 'audio_url', '音频地址', '音频地址', 9, '', 0, 0, 0, NULL, 0, 0, 0, 0, 0, 0, '', 0, 1, 0, 9, '', 1, 11, '基本信息', 0, '2017-08-09 08:16:33', '2017-08-14 04:26:00'),
(35, 2, 'content', '正文', '正文', 6, '', 0, 0, 0, NULL, 0, 0, 0, 0, 0, 0, '', 0, 1, 0, 6, '', 40, 12, '正文', 0, '2017-08-09 08:16:46', '2017-08-14 04:27:05'),
(36, 2, 'clicks', '点击量', '点击量', 3, '', 0, 0, 0, NULL, 0, 0, 1, 1, 2, 30, '', 0, 0, 0, 0, '', 0, 0, '', 0, '2017-08-09 08:17:00', '2017-08-14 06:44:05'),
(39, 2, 'published_at', '发布时间', '发布时间', 5, '', 0, 0, 0, NULL, 0, 0, 1, 0, 2, 90, '', 0, 0, 0, 0, '', 0, 0, '', 0, '2017-08-09 08:17:58', '2017-08-14 06:44:22'),
(40, 3, 'id', 'ID', 'ID', 3, '', 0, 0, 0, NULL, 1, 1, 1, 0, 1, 30, '', 0, 0, 0, 0, '', 0, 0, '', 0, '2017-08-10 01:48:53', '2017-08-10 03:00:22'),
(41, 3, 'site_id', '站点ID', '站点', 3, '1', 0, 0, 0, NULL, 1, 2, 0, 0, 1, 0, '', 0, 0, 0, 0, '', 0, 0, '', 0, '2017-08-10 01:52:43', '2017-08-10 02:26:10'),
(42, 2, 'user_id', '用户ID', '操作员', 7, '', 0, 0, 0, NULL, 0, 0, 1, 0, 2, 0, '', 0, 0, 0, 0, '', 0, 0, '', 0, '2017-08-10 07:17:08', '2017-08-10 07:17:08'),
(43, 2, 'sort', '序号', '序号', 3, '', 0, 0, 0, NULL, 0, 0, 0, 0, 1, 0, '', 0, 0, 0, 0, '', 0, 0, '', 0, '2017-08-10 07:20:58', '2017-08-10 07:20:58'),
(44, 2, 'state', '状态', '状态', 3, '', 0, 0, 0, NULL, 0, 0, 1, 0, 2, 30, 'stateFormatter', 0, 0, 0, 0, '', 0, 0, '', 0, '2017-08-10 07:21:30', '2017-08-14 06:44:44'),
(45, 2, 'created_at', '创建时间', '创建时间', 5, '', 0, 0, 0, NULL, 0, 0, 0, 0, 1, 0, '', 0, 0, 0, 0, '', 0, 0, '', 0, '2017-08-10 08:03:15', '2017-08-10 08:03:15'),
(46, 2, 'updated_at', '修改时间', '修改时间', 5, '', 0, 0, 0, NULL, 0, 0, 0, 0, 1, 0, '', 0, 0, 0, 0, '', 0, 0, '', 0, '2017-08-10 08:03:32', '2017-08-10 08:03:32'),
(47, 2, 'deleted_at', '删除时间', '删除时间', 5, '', 0, 0, 0, NULL, 0, 0, 0, 0, 1, 0, '', 0, 0, 0, 0, '', 0, 0, '', 0, '2017-08-10 08:03:47', '2017-08-10 08:03:47');

-- --------------------------------------------------------

--
-- 表的结构 `cms_news`
--

CREATE TABLE `cms_news` (
  `id` int(10) UNSIGNED NOT NULL,
  `site_id` int(11) NOT NULL COMMENT '站点ID',
  `title` text COLLATE utf8mb4_unicode_ci NOT NULL COMMENT '标题',
  `subtitle` text COLLATE utf8mb4_unicode_ci NOT NULL COMMENT '副标题',
  `author` text COLLATE utf8mb4_unicode_ci NOT NULL COMMENT '作者',
  `source` text COLLATE utf8mb4_unicode_ci NOT NULL COMMENT '来源',
  `tags` text COLLATE utf8mb4_unicode_ci NOT NULL COMMENT '标签',
  `keywords` text COLLATE utf8mb4_unicode_ci NOT NULL COMMENT '关键字',
  `summary` text COLLATE utf8mb4_unicode_ci NOT NULL COMMENT '摘要',
  `image_url` text COLLATE utf8mb4_unicode_ci NOT NULL COMMENT '图片地址',
  `images` text COLLATE utf8mb4_unicode_ci NOT NULL COMMENT '图集',
  `video_url` text COLLATE utf8mb4_unicode_ci NOT NULL COMMENT '视频地址',
  `audio_url` text COLLATE utf8mb4_unicode_ci NOT NULL COMMENT '音频地址',
  `content` text COLLATE utf8mb4_unicode_ci NOT NULL COMMENT '正文',
  `clicks` int(11) NOT NULL COMMENT '点击量',
  `published_at` datetime DEFAULT NULL COMMENT '发布时间',
  `user_id` int(11) NOT NULL COMMENT '用户ID',
  `sort` int(11) NOT NULL COMMENT '序号',
  `state` int(11) NOT NULL COMMENT '状态',
  `created_at` timestamp NULL DEFAULT NULL,
  `updated_at` timestamp NULL DEFAULT NULL,
  `deleted_at` datetime DEFAULT NULL COMMENT '删除时间'
) ENGINE=InnoDB DEFAULT CHARSET=utf8mb4 COLLATE=utf8mb4_unicode_ci;

--
-- 转存表中的数据 `cms_news`
--

INSERT INTO `cms_news` (`id`, `site_id`, `title`, `subtitle`, `author`, `source`, `tags`, `keywords`, `summary`, `image_url`, `images`, `video_url`, `audio_url`, `content`, `clicks`, `published_at`, `user_id`, `sort`, `state`, `created_at`, `updated_at`, `deleted_at`) VALUES
(1, 1, '1234', 'asdf', '', '', '', '', '', '', '', '', '', '', 1, '2017-08-14 14:43:11', 2, 1502693138, 9, '2017-08-14 06:07:22', '2017-08-14 09:05:26', NULL),
(2, 1, 'aaaa', '', '', '', '', '', '', '', '', '', '', '', 2, NULL, 2, 1502693139, 2, '2017-08-14 06:45:39', '2017-08-14 09:05:26', NULL),
(3, 1, 'bbbb', '', '', '', '', '', '', '', '', '', '', '', 0, NULL, 2, 1502693140, 1, '2017-08-14 08:40:06', '2017-08-14 09:05:26', NULL),
(4, 1, 'a', '', '', '', '', '', '', '', '', '', '', '', 0, NULL, 2, 1502767052, 1, '2017-08-15 03:17:32', '2017-08-15 03:17:32', NULL),
(5, 1, '标题一', '', '', '', '', '', '', '', '', '', '', '', 0, NULL, 2, 1502770841, 0, '2017-08-15 04:20:41', '2017-08-15 04:32:05', '2017-08-15 12:32:05'),
(6, 1, '标题二', '', '', '', '', '', '', '', '', '', '', '', 0, NULL, 2, 1502771311, 1, '2017-08-15 04:28:31', '2017-08-15 04:31:49', NULL);

-- --------------------------------------------------------

--
-- 表的结构 `cms_options`
--

CREATE TABLE `cms_options` (
  `id` int(10) UNSIGNED NOT NULL,
  `site_id` int(10) UNSIGNED NOT NULL COMMENT '站点id',
  `code` varchar(255) COLLATE utf8_unicode_ci NOT NULL,
  `name` varchar(255) COLLATE utf8_unicode_ci NOT NULL,
  `value` text COLLATE utf8_unicode_ci NOT NULL,
  `created_at` timestamp NULL DEFAULT NULL,
  `updated_at` timestamp NULL DEFAULT NULL
) ENGINE=MyISAM DEFAULT CHARSET=utf8 COLLATE=utf8_unicode_ci;

--
-- 转存表中的数据 `cms_options`
--

INSERT INTO `cms_options` (`id`, `site_id`, `code`, `name`, `value`, `created_at`, `updated_at`) VALUES
(1, 1, 'COMMENT_REQUIRE_PASS', '评论是否需要审核', '0', '2016-08-30 06:51:41', '2017-03-19 08:04:11');

-- --------------------------------------------------------

--
-- 表的结构 `cms_password_resets`
--

CREATE TABLE `cms_password_resets` (
  `email` varchar(255) COLLATE utf8_unicode_ci NOT NULL,
  `token` varchar(255) COLLATE utf8_unicode_ci NOT NULL,
  `created_at` timestamp NOT NULL DEFAULT CURRENT_TIMESTAMP ON UPDATE CURRENT_TIMESTAMP
) ENGINE=MyISAM DEFAULT CHARSET=utf8 COLLATE=utf8_unicode_ci;

-- --------------------------------------------------------

--
-- 表的结构 `cms_permissions`
--

CREATE TABLE `cms_permissions` (
  `id` int(10) UNSIGNED NOT NULL,
  `name` varchar(50) COLLATE utf8_unicode_ci NOT NULL,
  `description` varchar(255) COLLATE utf8_unicode_ci NOT NULL,
  `sort` int(10) UNSIGNED NOT NULL,
  `created_at` timestamp NULL DEFAULT NULL,
  `updated_at` timestamp NULL DEFAULT NULL
) ENGINE=MyISAM DEFAULT CHARSET=utf8 COLLATE=utf8_unicode_ci;

--
-- 转存表中的数据 `cms_permissions`
--

INSERT INTO `cms_permissions` (`id`, `name`, `description`, `sort`, `created_at`, `updated_at`) VALUES
(1, '@option', '系统设置', 1, '2016-06-30 00:00:00', '2016-06-30 00:00:00'),
(2, '@dictionary', '字典设置', 2, '2016-06-30 00:00:00', '2016-06-30 00:00:00'),
(3, '@site', '站点设置', 3, '2016-06-30 00:00:00', '2016-06-30 00:00:00'),
(4, '@app', '应用管理', 4, '2016-06-30 00:00:00', '2016-06-30 00:00:00'),
(5, '@user', '用户管理', 5, '2016-06-30 00:00:00', '2016-06-30 00:00:00'),
(6, '@role', '角色管理', 6, '2016-06-30 00:00:00', '2016-06-30 00:00:00'),
(7, '@category', '栏目管理', 7, '2016-06-30 00:00:00', '2016-06-30 00:00:00'),
(8, '@article', '文章管理', 8, '2016-06-30 00:00:00', '2016-06-30 00:00:00'),
(9, '@comment', '评论管理', 9, '2016-06-30 00:00:00', '2016-06-30 00:00:00'),
(10, '@member', '会员管理', 0, '2016-06-30 00:00:00', '2016-06-30 00:00:00'),
(11, '@log', '日志查询', 10, '2016-09-28 00:00:00', '2016-09-28 00:00:00'),
(31, '@comment-delete', '评论管理-删除', 2, '2016-06-30 00:00:00', '2016-06-30 00:00:00'),
(32, '@comment-pass', '评论管理-审核', 1, '2016-06-30 00:00:00', '2016-06-30 00:00:00'),
(41, '@article-create', '文章管理-新增', 0, '2016-06-30 00:00:00', '2016-06-30 00:00:00'),
(42, '@article-edit', '文章管理-编辑', 0, '2016-06-30 00:00:00', '2016-06-30 00:00:00'),
(43, '@article-publish', '文章管理-发布', 0, '2016-06-30 00:00:00', '2016-06-30 00:00:00'),
(44, '@article-cancel', '文章管理-撤搞', 0, '2016-06-30 00:00:00', '2016-06-30 00:00:00'),
(45, '@article-delete', '文章管理-删除', 0, '2016-06-30 00:00:00', '2016-06-30 00:00:00'),
(46, '@article-copy', '文章管理-复制', 0, '2016-06-30 00:00:00', '2016-06-30 00:00:00'),
(47, '@article-sort', '文章管理-排序', 0, '2016-06-30 00:00:00', '2016-06-30 00:00:00'),
(48, '@article-top', '文章管理-置顶', 0, '2016-06-30 00:00:00', '2016-06-30 00:00:00'),
(49, '@article-tag', '文章管理-标记', 0, '2016-11-16 16:00:00', '2016-11-16 16:00:00'),
(50, '@article-push', '文章管理-推送', 0, '2016-06-30 00:00:00', '2016-06-30 00:00:00'),
(100, '@member-create', '会员管理-添加', 0, '2016-11-06 16:00:00', '2016-11-02 16:00:00'),
(101, '@member-edit', '会员管理-编辑', 0, '2016-11-06 16:00:00', '2016-11-02 16:00:00'),
(145, '@push', '推送管理', 0, '2016-11-16 16:00:00', '2016-11-16 16:00:00'),
(146, '@module', '模块管理', 11, '2017-02-15 16:00:00', '2017-02-15 16:00:00'),
(166, '@news-cancel', '新闻-撤回', 6, NULL, NULL),
(165, '@news-publish', '新闻-发布', 5, NULL, NULL),
(164, '@news-delete', '新闻-删除', 4, NULL, NULL),
(163, '@news-edit', '新闻-编辑', 3, NULL, NULL),
(162, '@news-create', '新闻-添加', 2, NULL, NULL),
(161, '@news', '新闻', 1, NULL, NULL),
(167, '@news-sort', '新闻-排序', 7, NULL, NULL);

-- --------------------------------------------------------

--
-- 表的结构 `cms_permission_role`
--

CREATE TABLE `cms_permission_role` (
  `permission_id` int(10) UNSIGNED NOT NULL,
  `role_id` int(10) UNSIGNED NOT NULL
) ENGINE=MyISAM DEFAULT CHARSET=utf8 COLLATE=utf8_unicode_ci;

--
-- 转存表中的数据 `cms_permission_role`
--

INSERT INTO `cms_permission_role` (`permission_id`, `role_id`) VALUES
(1, 1),
(2, 1),
(3, 1),
(4, 1),
(5, 1),
(6, 1),
(7, 1),
(8, 1),
(8, 2),
(9, 1),
(9, 2),
(10, 1),
(10, 2),
(11, 1),
(11, 2),
(31, 1),
(31, 2),
(32, 1),
(32, 2),
(41, 1),
(41, 2),
(42, 1),
(42, 2),
(43, 1),
(43, 2),
(44, 1),
(44, 2),
(45, 1),
(45, 2),
(46, 1),
(46, 2),
(47, 1),
(47, 2),
(48, 1),
(48, 2),
(49, 1),
(49, 2),
(50, 1),
(50, 2),
(100, 1),
(100, 2),
(101, 1),
(101, 2),
(145, 1),
(145, 2),
(146, 1),
(146, 2),
(161, 1),
(162, 1),
(163, 1),
(164, 1),
(165, 1),
(166, 1),
(167, 1);

-- --------------------------------------------------------

--
-- 表的结构 `cms_push_logs`
--

CREATE TABLE `cms_push_logs` (
  `id` int(10) UNSIGNED NOT NULL COMMENT 'ID',
  `site_id` int(10) UNSIGNED NOT NULL COMMENT '站点ID',
  `content_id` int(10) UNSIGNED NOT NULL COMMENT '内容ID',
  `content_type` int(10) UNSIGNED NOT NULL COMMENT '内容类型',
  `content_title` varchar(255) COLLATE utf8_unicode_ci NOT NULL DEFAULT '' COMMENT '内容标题',
  `url` text COLLATE utf8_unicode_ci NOT NULL COMMENT 'URL',
  `send_no` int(11) UNSIGNED NOT NULL COMMENT '推送序号',
  `msg_id` int(11) UNSIGNED NOT NULL COMMENT '消息ID',
  `err_msg` text COLLATE utf8_unicode_ci NOT NULL COMMENT '错误消息',
  `user_id` int(10) UNSIGNED NOT NULL COMMENT '操作员ID',
  `state` int(10) UNSIGNED NOT NULL,
  `created_at` timestamp NULL DEFAULT NULL,
  `updated_at` timestamp NULL DEFAULT NULL
) ENGINE=MyISAM DEFAULT CHARSET=utf8 COLLATE=utf8_unicode_ci;

--
-- 转存表中的数据 `cms_push_logs`
--

INSERT INTO `cms_push_logs` (`id`, `site_id`, `content_id`, `content_type`, `content_title`, `url`, `send_no`, `msg_id`, `err_msg`, `user_id`, `state`, `created_at`, `updated_at`) VALUES
(1, 1, 30, 1, '【快讯】青山湖区举办2017“南昌光谷”电子信息产业推介会', 'http://zsnc.asia-cloud.com/api/contents/detail?id=30', 0, 0, 'Trying to get property of non-object', 2, 2, '2017-01-09 14:09:15', '2017-01-09 14:09:15'),
(2, 1, 56, 1, '【快讯】红谷滩区行政服务中心上门为生米镇老年群众办证办卡', 'http://zsnc.asia-cloud.com/api/contents/detail?id=56', 0, 0, 'Trying to get property of non-object', 2, 2, '2017-01-09 14:09:46', '2017-01-09 14:09:46'),
(3, 1, 72, 1, '美丽南昌 幸福家园', 'http://zsnc.asia-cloud.com/api/contents/detail?id=72', 0, 0, 'Trying to get property of non-object', 7, 2, '2017-01-10 07:14:12', '2017-01-10 07:14:12'),
(4, 1, 72, 1, '美丽南昌 幸福家园', 'http://zsnc.asia-cloud.com/api/contents/detail?id=72', 0, 0, 'Trying to get property of non-object', 7, 2, '2017-01-10 07:14:15', '2017-01-10 07:14:15'),
(5, 1, 72, 1, '美丽南昌 幸福家园', 'http://zsnc.asia-cloud.com/api/contents/detail?id=72', 0, 0, 'Trying to get property of non-object', 7, 2, '2017-01-10 07:19:44', '2017-01-10 07:19:44'),
(6, 1, 125, 1, '【快讯】江西省盐业体制改革实施方案今天发布，目前全省食盐储量充足价不会上涨', 'http://zsnc.asia-cloud.com/api/contents/detail?id=125', 0, 0, 'Trying to get property of non-object', 7, 2, '2017-01-10 07:24:54', '2017-01-10 07:24:54'),
(7, 1, 72, 1, '美丽南昌 幸福家园', 'http://zsnc.asia-cloud.com/api/contents/detail?id=72', 0, 0, 'Trying to get property of non-object', 7, 2, '2017-01-10 07:31:31', '2017-01-10 07:31:31'),
(8, 1, 72, 1, '美丽南昌 幸福家园', 'http://zsnc.asia-cloud.com/api/contents/detail?id=72', 0, 0, 'Trying to get property of non-object', 2, 2, '2017-01-10 07:32:03', '2017-01-10 07:32:03'),
(9, 1, 72, 1, '美丽南昌 幸福家园', 'http://zsnc.asia-cloud.com/api/contents/detail?id=72', 0, 0, 'Trying to get property of non-object', 7, 2, '2017-01-10 07:33:29', '2017-01-10 07:33:29'),
(10, 1, 102, 1, '【快讯】全民清洁家园第二次行动', 'http://zsnc.asia-cloud.com/api/contents/detail?id=102', 0, 0, 'Trying to get property of non-object', 2, 2, '2017-01-10 07:34:20', '2017-01-10 07:34:20'),
(11, 1, 111, 1, '【快讯】新春送暖，省红十字会走进麻丘镇敬老院', 'http://zsnc.asia-cloud.com/api/contents/detail?id=111', 0, 0, 'Trying to get property of non-object', 7, 2, '2017-01-10 07:35:23', '2017-01-10 07:35:23'),
(12, 1, 111, 1, '【快讯】新春送暖，省红十字会走进麻丘镇敬老院', 'http://zsnc.asia-cloud.com/api/contents/detail?id=111', 0, 0, 'Trying to get property of non-object', 7, 2, '2017-01-10 07:38:22', '2017-01-10 07:38:22'),
(13, 1, 72, 1, '美丽南昌 幸福家园', 'http://zsnc.asia-cloud.com/api/contents/detail?id=72', 0, 0, 'Trying to get property of non-object', 7, 2, '2017-01-10 07:42:57', '2017-01-10 07:42:57'),
(14, 1, 125, 1, '【快讯】江西省盐业体制改革实施方案今天发布，目前全省食盐储量充足价不会上涨', 'http://zsnc.asia-cloud.com/api/contents/detail?id=125', 0, 0, 'Trying to get property of non-object', 7, 2, '2017-01-10 07:43:28', '2017-01-10 07:43:28'),
(15, 1, 125, 1, '【快讯】江西省盐业体制改革实施方案今天发布，目前全省食盐储量充足价不会上涨', 'http://zsnc.asia-cloud.com/api/contents/detail?id=125', 0, 0, 'Trying to get property of non-object', 7, 2, '2017-01-10 07:43:39', '2017-01-10 07:43:39'),
(16, 1, 8, 1, '红谷滩新区第六届文艺团队优秀节目展演举行', 'http://zsnc.asia-cloud.com/api/contents/detail?id=8', 0, 0, 'Trying to get property of non-object', 2, 2, '2017-01-10 07:54:22', '2017-01-10 07:54:22'),
(17, 1, 14, 1, '《射雕》曝剧照', 'http://zsnc.asia-cloud.com/api/contents/detail?id=14', 0, 0, 'Trying to get property of non-object', 2, 2, '2017-01-10 07:56:21', '2017-01-10 07:56:21'),
(18, 1, 65, 1, '邹市明夫妇机场秀恩爱', 'http://zsnc.asia-cloud.com/api/contents/detail?id=65', 0, 0, '', 2, 1, '2017-01-10 07:58:25', '2017-01-10 07:58:25'),
(19, 1, 180, 1, '【快讯】西湖区深入社区开展慢性病健康知识宣传活动', 'http://zsnc.asia-cloud.com/api/contents/detail?id=180', 0, 0, 'Trying to get property of non-object', 7, 2, '2017-01-10 08:46:45', '2017-01-10 08:46:45'),
(20, 1, 180, 1, '【快讯】西湖区深入社区开展慢性病健康知识宣传活动', 'http://zsnc.asia-cloud.com/api/contents/detail?id=180', 0, 0, 'Trying to get property of non-object', 7, 2, '2017-01-10 08:57:33', '2017-01-10 08:57:33'),
(21, 1, 25, 1, '蒋巷镇打造江南特色小镇', 'http://zsnc.asia-cloud.com/api/contents/detail?id=25', 0, 0, 'Trying to get property of non-object', 7, 2, '2017-01-10 10:11:36', '2017-01-10 10:11:36'),
(22, 1, 25, 1, '蒋巷镇打造江南特色小镇', 'http://zsnc.asia-cloud.com/api/contents/detail?id=25', 0, 0, 'Trying to get property of non-object', 7, 2, '2017-01-10 10:15:53', '2017-01-10 10:15:53'),
(23, 1, 25, 1, '蒋巷镇打造江南特色小镇', 'http://zsnc.asia-cloud.com/api/contents/detail?id=25', 0, 0, 'Trying to get property of non-object', 7, 2, '2017-01-10 10:18:41', '2017-01-10 10:18:41'),
(24, 1, 82, 1, '解答118个问题 食品添加剂科普读物获国家科技奖', 'http://zsnc.asia-cloud.com/api/contents/detail?id=82', 0, 0, 'Trying to get property of non-object', 2, 2, '2017-01-10 13:30:37', '2017-01-10 13:30:37'),
(25, 1, 63, 1, '文章独自现身机场 穿着随性低调', 'http://zsnc.asia-cloud.com/api/contents/detail?id=63', 0, 0, '', 2, 1, '2017-01-10 13:34:46', '2017-01-10 13:34:46'),
(26, 1, 107, 1, '【快讯】全市统战系统党风廉洁教育专题讲座举行', 'http://zsnc.asia-cloud.com/api/contents/detail?id=107', 0, 0, '', 2, 1, '2017-01-11 01:44:11', '2017-01-11 01:44:11'),
(27, 1, 7, 1, '【快讯】央视纪录片《军魂》今晚在南昌开机', 'http://zsnc.nctv.net.cn/api/contents/detail?id=7', 0, 0, '', 2, 1, '2017-01-13 00:31:47', '2017-01-13 00:31:47'),
(28, 1, 26, 1, '缓解交通拥堵 南昌市拨划2000万建设公共自行车系统', 'http://zsnc.nctv.net.cn/api/contents/detail?id=26', 0, 0, '', 2, 1, '2017-01-13 00:34:14', '2017-01-13 00:34:14'),
(29, 1, 340, 1, '江西省红十字会百个“红十字温暖箱”送村民', 'http://zsnc.nctv.net.cn/api/contents/detail?id=340', 0, 0, '', 2, 1, '2017-01-16 09:33:54', '2017-01-16 09:33:54'),
(30, 1, 340, 1, '江西省红十字会百个“红十字温暖箱”送村民', 'http://zsnc.nctv.net.cn/api/contents/detail?id=340', 0, 0, '', 2, 1, '2017-01-16 09:34:58', '2017-01-16 09:34:58'),
(31, 1, 365, 1, '2017新年快乐', 'http://zsnc.nctv.net.cn/api/contents/detail?id=365', 0, 0, '', 8, 1, '2017-01-16 09:37:55', '2017-01-16 09:37:55'),
(32, 1, 330, 1, '郭安主持召开市政府全体会议', 'http://zsnc.nctv.net.cn/api/contents/detail?id=330', 0, 0, '', 8, 1, '2017-01-16 09:53:07', '2017-01-16 09:53:07'),
(33, 1, 368, 1, '进顺村表彰“最美家庭”  ', 'http://zsnc.nctv.net.cn/api/contents/detail?id=368', 0, 0, '', 8, 1, '2017-01-16 09:58:47', '2017-01-16 09:58:47'),
(34, 1, 72, 1, '美丽南昌 幸福家园', 'http://zsnc.nctv.net.cn/zsnc/beau_nanchang/index_mobile.php', 0, 0, '', 2, 1, '2017-01-17 05:50:02', '2017-01-17 05:50:02'),
(35, 1, 72, 1, '美丽南昌 幸福家园', 'http://zsnc.nctv.net.cn/zsnc/beau_nanchang/index_mobile.php', 0, 0, '', 2, 1, '2017-01-17 05:52:51', '2017-01-17 05:52:51'),
(36, 1, 6028, 1, '江铃新能源与南昌卡耐电池生产线双双投产', 'http://zsnc.dev/api/contents/share?id=6028', 0, 0, '', 2, 1, '2017-04-12 01:21:30', '2017-04-12 01:21:30'),
(37, 1, 6031, 1, '国足1-0韩国12强赛首胜 于大宝破荒曾诚神扑', 'http://zsnc.dev/api/contents/share?id=6031', 0, 0, '', 2, 1, '2017-04-12 01:56:08', '2017-04-12 01:56:08'),
(38, 1, 6031, 1, '国足1-0韩国12强赛首胜 于大宝破荒曾诚神扑', 'http://zsnc.dev/api/contents/share?id=6031', 0, 0, '', 2, 1, '2017-04-12 01:56:49', '2017-04-12 01:56:49'),
(39, 1, 6031, 1, '国足1-0韩国12强赛首胜 于大宝破荒曾诚神扑', 'http://zsnc.dev/api/contents/share?id=6031', 0, 0, '', 2, 1, '2017-04-12 01:58:07', '2017-04-12 01:58:07'),
(40, 1, 6032, 1, '以“南昌绿谷”为引领 打造都市现代农业', 'http://zsnc.dev/api/contents/share?id=6032', 0, 0, '', 2, 1, '2017-04-12 02:00:34', '2017-04-12 02:00:34'),
(41, 1, 6032, 1, '以“南昌绿谷”为引领 打造都市现代农业', 'http://zsnc.dev/api/contents/share?id=6032', 0, 0, '', 2, 1, '2017-04-12 02:05:08', '2017-04-12 02:05:08'),
(42, 1, 6032, 1, '以“南昌绿谷”为引领 打造都市现代农业', 'http://zsnc.dev/api/contents/share?id=6032', 0, 0, '', 2, 1, '2017-04-12 02:16:37', '2017-04-12 02:16:37'),
(43, 1, 5806, 1, '金句不断、内涵深刻，心社书记在南大作的形势报告让青年学子很赞', 'http://zsnc.dev/api/contents/share?id=5806', 0, 0, '', 2, 1, '2017-04-12 03:11:46', '2017-04-12 03:11:46'),
(44, 1, 5806, 1, '金句不断、内涵深刻，心社书记在南大作的形势报告让青年学子很赞', 'http://zsnc.dev/api/contents/share?id=5806', 0, 0, 'cannot find user by this audience', 2, 2, '2017-04-12 03:14:27', '2017-04-12 03:14:27'),
(45, 1, 5806, 1, '金句不断、内涵深刻，心社书记在南大作的形势报告让青年学子很赞', 'http://zsnc.dev/api/contents/share?id=5806', 0, 0, '', 2, 1, '2017-04-12 03:18:00', '2017-04-12 03:18:00'),
(46, 1, 5806, 1, '金句不断、内涵深刻，心社书记在南大作的形势报告让青年学子很赞', 'http://zsnc.dev/api/contents/share?id=5806', 0, 0, '', 2, 1, '2017-04-12 03:22:16', '2017-04-12 03:22:16'),
(47, 1, 6035, 1, '以精细精致保长效常态 殷美根郭安暗访检查城区环境综合整治', 'http://zsnc.dev/api/contents/share?id=6035', 0, 0, '', 2, 1, '2017-04-12 05:14:29', '2017-04-12 05:14:29'),
(48, 1, 6033, 1, '南昌市组织收听收看全省安全生产宣讲电视电话会议', 'http://zsnc.dev/api/contents/share?id=6033', 0, 0, '', 2, 1, '2017-04-12 05:16:01', '2017-04-12 05:16:01'),
(49, 1, 6161, 1, '【专题】英雄城出英雄  英雄城敬英雄', 'http://zsnc.nctv.net.cn/zsnc/flower/index3.php', 0, 0, '', 2, 1, '2017-04-12 06:30:47', '2017-04-12 06:30:47'),
(50, 1, 6161, 1, '【专题】英雄城出英雄  英雄城敬英雄', 'http://zsnc.nctv.net.cn/zsnc/flower/index3.php', 0, 0, '', 2, 1, '2017-04-12 06:33:20', '2017-04-12 06:33:20'),
(51, 1, 6161, 1, '【专题】英雄城出英雄  英雄城敬英雄', 'http://zsnc.nctv.net.cn/zsnc/flower/index3.php', 0, 0, '', 2, 1, '2017-04-12 06:33:52', '2017-04-12 06:33:52'),
(52, 1, 6161, 1, '【专题】英雄城出英雄  英雄城敬英雄', 'http://zsnc.nctv.net.cn/zsnc/flower/index3.php', 0, 0, '', 2, 1, '2017-04-12 06:34:23', '2017-04-12 06:34:23'),
(53, 1, 6156, 1, '女生西安乘黑车遭索603元报警 警方：不归公安管', 'http://zsnc.dev/api/contents/share?id=6156', 0, 0, '', 2, 1, '2017-04-12 06:37:52', '2017-04-12 06:37:52'),
(54, 1, 6161, 1, '【专题】英雄城出英雄  英雄城敬英雄', 'http://zsnc.nctv.net.cn/zsnc/flower/index3.php', 0, 0, '', 2, 1, '2017-04-12 06:38:16', '2017-04-12 06:38:16');

-- --------------------------------------------------------

--
-- 表的结构 `cms_roles`
--

CREATE TABLE `cms_roles` (
  `id` int(10) UNSIGNED NOT NULL,
  `name` varchar(40) COLLATE utf8_unicode_ci NOT NULL COMMENT '名称',
  `description` varchar(255) COLLATE utf8_unicode_ci NOT NULL COMMENT '描述',
  `created_at` timestamp NULL DEFAULT NULL,
  `updated_at` timestamp NULL DEFAULT NULL
) ENGINE=MyISAM DEFAULT CHARSET=utf8 COLLATE=utf8_unicode_ci;

--
-- 转存表中的数据 `cms_roles`
--

INSERT INTO `cms_roles` (`id`, `name`, `description`, `created_at`, `updated_at`) VALUES
(1, '管理员', '', '2016-06-30 16:00:00', '2016-12-27 19:36:57'),
(2, '编辑员', '', '2016-06-30 16:00:00', '2016-06-30 16:00:00');

-- --------------------------------------------------------

--
-- 表的结构 `cms_role_user`
--

CREATE TABLE `cms_role_user` (
  `user_id` int(10) UNSIGNED NOT NULL,
  `role_id` int(10) UNSIGNED NOT NULL
) ENGINE=MyISAM DEFAULT CHARSET=utf8 COLLATE=utf8_unicode_ci;

--
-- 转存表中的数据 `cms_role_user`
--

INSERT INTO `cms_role_user` (`user_id`, `role_id`) VALUES
(1, 1),
(2, 1),
(3, 1),
(4, 1),
(5, 2),
(6, 1),
(7, 1),
(8, 1),
(9, 2),
(10, 2),
(11, 2),
(12, 1),
(13, 1);

-- --------------------------------------------------------

--
-- 表的结构 `cms_sites`
--

CREATE TABLE `cms_sites` (
  `id` int(10) UNSIGNED NOT NULL,
  `name` varchar(40) COLLATE utf8_unicode_ci NOT NULL COMMENT '站点名称',
  `company` varchar(255) COLLATE utf8_unicode_ci NOT NULL COMMENT '单位名称',
  `app_key` varchar(255) COLLATE utf8_unicode_ci NOT NULL,
  `master_secret` varchar(255) COLLATE utf8_unicode_ci NOT NULL,
  `username` varchar(20) COLLATE utf8_unicode_ci NOT NULL COMMENT '用户名',
  `created_at` timestamp NULL DEFAULT NULL,
  `updated_at` timestamp NULL DEFAULT NULL
) ENGINE=MyISAM DEFAULT CHARSET=utf8 COLLATE=utf8_unicode_ci;

--
-- 转存表中的数据 `cms_sites`
--

INSERT INTO `cms_sites` (`id`, `name`, `company`, `app_key`, `master_secret`, `username`, `created_at`, `updated_at`) VALUES
(1, '掌上南昌', '南昌电视台', '', '', ' 刘锰', '2016-07-31 16:00:00', '2017-05-03 06:52:52');

-- --------------------------------------------------------

--
-- 表的结构 `cms_users`
--

CREATE TABLE `cms_users` (
  `id` int(10) UNSIGNED NOT NULL,
  `name` varchar(255) COLLATE utf8_unicode_ci NOT NULL,
  `username` varchar(255) COLLATE utf8_unicode_ci NOT NULL,
  `password` varchar(255) COLLATE utf8_unicode_ci NOT NULL,
  `site_id` int(11) NOT NULL,
  `remember_token` varchar(100) COLLATE utf8_unicode_ci NOT NULL DEFAULT '',
  `state` tinyint(1) UNSIGNED NOT NULL DEFAULT '0' COMMENT '状态',
  `created_at` timestamp NULL DEFAULT NULL,
  `updated_at` timestamp NULL DEFAULT NULL
) ENGINE=MyISAM DEFAULT CHARSET=utf8 COLLATE=utf8_unicode_ci;

--
-- 转存表中的数据 `cms_users`
--

INSERT INTO `cms_users` (`id`, `name`, `username`, `password`, `site_id`, `remember_token`, `state`, `created_at`, `updated_at`) VALUES
(1, '管理员', 'admin', '$2y$10$6JN.6eqGpcAEiTl2iyD2wuUro8xtVKXJ9hicCcT47004ix4hO.HHC', 1, 'RunF00lWnXmix0ECVYoMAc4HaKcnPXnONMknhXIEwISk9cby3MG6Vu6Gv8JH', 1, '2016-05-17 19:47:48', '2017-03-07 01:33:32'),
(2, '刘锰', 'liumeng', '$2y$10$m5YEg.Xvx/i1Zeo8.SOWJObqpiptn6c5YmXiGdOGUFFw5D8MJ0MIG', 1, 'XHWQoGI0Qf28P8mtwqJxiIfArKUoN57GUS3F0Od9FrUr0vkvjw31SzNTs42f', 1, '2016-11-03 02:35:53', '2017-06-28 06:24:33');

--
-- Indexes for dumped tables
--

--
-- Indexes for table `cms_apps`
--
ALTER TABLE `cms_apps`
  ADD PRIMARY KEY (`id`);

--
-- Indexes for table `cms_article`
--
ALTER TABLE `cms_article`
  ADD PRIMARY KEY (`id`);

--
-- Indexes for table `cms_articles`
--
ALTER TABLE `cms_articles`
  ADD PRIMARY KEY (`id`);

--
-- Indexes for table `cms_categories`
--
ALTER TABLE `cms_categories`
  ADD PRIMARY KEY (`id`),
  ADD KEY `site_id` (`site_id`),
  ADD KEY `state` (`state`),
  ADD KEY `parent_id` (`parent_id`);

--
-- Indexes for table `cms_category_user`
--
ALTER TABLE `cms_category_user`
  ADD PRIMARY KEY (`category_id`,`user_id`),
  ADD KEY `user_id` (`user_id`);

--
-- Indexes for table `cms_comments`
--
ALTER TABLE `cms_comments`
  ADD PRIMARY KEY (`id`),
  ADD KEY `cms_comments_index_1` (`content_id`,`state`),
  ADD KEY `site_id` (`site_id`),
  ADD KEY `state` (`state`);

--
-- Indexes for table `cms_dictionaries`
--
ALTER TABLE `cms_dictionaries`
  ADD PRIMARY KEY (`id`),
  ADD KEY `site_id` (`site_id`);

--
-- Indexes for table `cms_favorites`
--
ALTER TABLE `cms_favorites`
  ADD PRIMARY KEY (`id`),
  ADD KEY `site_id` (`site_id`),
  ADD KEY `category_id` (`category_id`),
  ADD KEY `content_id` (`content_id`);

--
-- Indexes for table `cms_files`
--
ALTER TABLE `cms_files`
  ADD PRIMARY KEY (`id`),
  ADD KEY `imageable_id` (`refer_id`);

--
-- Indexes for table `cms_keywords`
--
ALTER TABLE `cms_keywords`
  ADD PRIMARY KEY (`id`),
  ADD KEY `site_id` (`site_id`);

--
-- Indexes for table `cms_members`
--
ALTER TABLE `cms_members`
  ADD PRIMARY KEY (`id`),
  ADD KEY `name` (`name`),
  ADD KEY `nick_name` (`nick_name`),
  ADD KEY `mobile` (`mobile`);

--
-- Indexes for table `cms_menus`
--
ALTER TABLE `cms_menus`
  ADD PRIMARY KEY (`id`);

--
-- Indexes for table `cms_messages`
--
ALTER TABLE `cms_messages`
  ADD PRIMARY KEY (`id`);

--
-- Indexes for table `cms_modules`
--
ALTER TABLE `cms_modules`
  ADD PRIMARY KEY (`id`);

--
-- Indexes for table `cms_module_fields`
--
ALTER TABLE `cms_module_fields`
  ADD PRIMARY KEY (`id`);

--
-- Indexes for table `cms_news`
--
ALTER TABLE `cms_news`
  ADD PRIMARY KEY (`id`);

--
-- Indexes for table `cms_options`
--
ALTER TABLE `cms_options`
  ADD PRIMARY KEY (`id`),
  ADD KEY `site_id` (`site_id`);

--
-- Indexes for table `cms_password_resets`
--
ALTER TABLE `cms_password_resets`
  ADD KEY `password_resets_email_index` (`email`),
  ADD KEY `password_resets_token_index` (`token`);

--
-- Indexes for table `cms_permissions`
--
ALTER TABLE `cms_permissions`
  ADD PRIMARY KEY (`id`),
  ADD UNIQUE KEY `permissions_name_unique` (`name`);

--
-- Indexes for table `cms_permission_role`
--
ALTER TABLE `cms_permission_role`
  ADD PRIMARY KEY (`permission_id`,`role_id`),
  ADD KEY `role_id` (`role_id`),
  ADD KEY `permission_id` (`permission_id`);

--
-- Indexes for table `cms_push_logs`
--
ALTER TABLE `cms_push_logs`
  ADD PRIMARY KEY (`id`),
  ADD KEY `site_id` (`site_id`);

--
-- Indexes for table `cms_roles`
--
ALTER TABLE `cms_roles`
  ADD PRIMARY KEY (`id`),
  ADD UNIQUE KEY `name` (`name`);

--
-- Indexes for table `cms_role_user`
--
ALTER TABLE `cms_role_user`
  ADD PRIMARY KEY (`user_id`,`role_id`),
  ADD KEY `user_id` (`user_id`);

--
-- Indexes for table `cms_sites`
--
ALTER TABLE `cms_sites`
  ADD PRIMARY KEY (`id`);

--
-- Indexes for table `cms_users`
--
ALTER TABLE `cms_users`
  ADD PRIMARY KEY (`id`),
  ADD UNIQUE KEY `users_email_unique` (`username`),
  ADD KEY `site_id` (`site_id`);

--
-- 在导出的表使用AUTO_INCREMENT
--

--
-- 使用表AUTO_INCREMENT `cms_apps`
--
ALTER TABLE `cms_apps`
  MODIFY `id` int(10) UNSIGNED NOT NULL AUTO_INCREMENT, AUTO_INCREMENT=2;
--
-- 使用表AUTO_INCREMENT `cms_article`
--
ALTER TABLE `cms_article`
  MODIFY `id` int(10) UNSIGNED NOT NULL AUTO_INCREMENT;
--
-- 使用表AUTO_INCREMENT `cms_articles`
--
ALTER TABLE `cms_articles`
  MODIFY `id` int(10) UNSIGNED NOT NULL AUTO_INCREMENT, AUTO_INCREMENT=8;
--
-- 使用表AUTO_INCREMENT `cms_categories`
--
ALTER TABLE `cms_categories`
  MODIFY `id` int(10) UNSIGNED NOT NULL AUTO_INCREMENT, AUTO_INCREMENT=102;
--
-- 使用表AUTO_INCREMENT `cms_comments`
--
ALTER TABLE `cms_comments`
  MODIFY `id` int(10) UNSIGNED NOT NULL AUTO_INCREMENT, AUTO_INCREMENT=80;
--
-- 使用表AUTO_INCREMENT `cms_dictionaries`
--
ALTER TABLE `cms_dictionaries`
  MODIFY `id` int(10) UNSIGNED NOT NULL AUTO_INCREMENT, AUTO_INCREMENT=2;
--
-- 使用表AUTO_INCREMENT `cms_favorites`
--
ALTER TABLE `cms_favorites`
  MODIFY `id` int(10) UNSIGNED NOT NULL AUTO_INCREMENT;
--
-- 使用表AUTO_INCREMENT `cms_files`
--
ALTER TABLE `cms_files`
  MODIFY `id` int(10) UNSIGNED NOT NULL AUTO_INCREMENT, AUTO_INCREMENT=6;
--
-- 使用表AUTO_INCREMENT `cms_keywords`
--
ALTER TABLE `cms_keywords`
  MODIFY `id` int(10) UNSIGNED NOT NULL AUTO_INCREMENT, AUTO_INCREMENT=466;
--
-- 使用表AUTO_INCREMENT `cms_members`
--
ALTER TABLE `cms_members`
  MODIFY `id` int(10) UNSIGNED NOT NULL AUTO_INCREMENT, AUTO_INCREMENT=60;
--
-- 使用表AUTO_INCREMENT `cms_menus`
--
ALTER TABLE `cms_menus`
  MODIFY `id` int(10) UNSIGNED NOT NULL AUTO_INCREMENT;
--
-- 使用表AUTO_INCREMENT `cms_messages`
--
ALTER TABLE `cms_messages`
  MODIFY `id` int(10) UNSIGNED NOT NULL AUTO_INCREMENT;
--
-- 使用表AUTO_INCREMENT `cms_modules`
--
ALTER TABLE `cms_modules`
  MODIFY `id` int(10) UNSIGNED NOT NULL AUTO_INCREMENT, AUTO_INCREMENT=5;
--
-- 使用表AUTO_INCREMENT `cms_module_fields`
--
ALTER TABLE `cms_module_fields`
  MODIFY `id` int(10) UNSIGNED NOT NULL AUTO_INCREMENT, AUTO_INCREMENT=48;
--
-- 使用表AUTO_INCREMENT `cms_news`
--
ALTER TABLE `cms_news`
  MODIFY `id` int(10) UNSIGNED NOT NULL AUTO_INCREMENT, AUTO_INCREMENT=7;
--
-- 使用表AUTO_INCREMENT `cms_options`
--
ALTER TABLE `cms_options`
  MODIFY `id` int(10) UNSIGNED NOT NULL AUTO_INCREMENT, AUTO_INCREMENT=2;
--
-- 使用表AUTO_INCREMENT `cms_permissions`
--
ALTER TABLE `cms_permissions`
  MODIFY `id` int(10) UNSIGNED NOT NULL AUTO_INCREMENT, AUTO_INCREMENT=168;
--
-- 使用表AUTO_INCREMENT `cms_push_logs`
--
ALTER TABLE `cms_push_logs`
  MODIFY `id` int(10) UNSIGNED NOT NULL AUTO_INCREMENT COMMENT 'ID', AUTO_INCREMENT=55;
--
-- 使用表AUTO_INCREMENT `cms_roles`
--
ALTER TABLE `cms_roles`
  MODIFY `id` int(10) UNSIGNED NOT NULL AUTO_INCREMENT, AUTO_INCREMENT=3;
--
-- 使用表AUTO_INCREMENT `cms_sites`
--
ALTER TABLE `cms_sites`
  MODIFY `id` int(10) UNSIGNED NOT NULL AUTO_INCREMENT, AUTO_INCREMENT=2;
--
-- 使用表AUTO_INCREMENT `cms_users`
--
ALTER TABLE `cms_users`
  MODIFY `id` int(10) UNSIGNED NOT NULL AUTO_INCREMENT, AUTO_INCREMENT=14;
/*!40101 SET CHARACTER_SET_CLIENT=@OLD_CHARACTER_SET_CLIENT */;
/*!40101 SET CHARACTER_SET_RESULTS=@OLD_CHARACTER_SET_RESULTS */;
/*!40101 SET COLLATION_CONNECTION=@OLD_COLLATION_CONNECTION */;
